INSERT INTO region (regID, regName, sidoCode) VALUES ('REG001', '동서울', '11');
INSERT INTO region (regID, regName, sidoCode) VALUES ('REG002', '서울 경부', '11');
INSERT INTO region (regID, regName, sidoCode) VALUES ('REG003', '센트럴시티(서울)', '11');
INSERT INTO region (regID, regName, sidoCode) VALUES ('REG004', '서울남부터미널', '11');
INSERT INTO region (regID, regName, sidoCode) VALUES ('REG005', '강남고속버스터미널', '11');
INSERT INTO region (regID, regName, sidoCode) VALUES ('REG006', '인천', '28');
INSERT INTO region (regID, regName, sidoCode) VALUES ('REG007', '인천공항', '28');
INSERT INTO region (regID, regName, sidoCode) VALUES ('REG008', '안산', '31');
INSERT INTO region (regID, regName, sidoCode) VALUES ('REG009', '성남', '31');
INSERT INTO region (regID, regName, sidoCode) VALUES ('REG010', '수원', '31');
INSERT INTO region (regID, regName, sidoCode) VALUES ('REG011', '용인', '31');
INSERT INTO region (regID, regName, sidoCode) VALUES ('REG012', '평택', '31');
INSERT INTO region (regID, regName, sidoCode) VALUES ('REG013', '부천', '31');
INSERT INTO region (regID, regName, sidoCode) VALUES ('REG014', '안양', '31');
INSERT INTO region (regID, regName, sidoCode) VALUES ('REG015', '의정부', '31');
INSERT INTO region (regID, regName, sidoCode) VALUES ('REG016', '광명', '31');
INSERT INTO region (regID, regName, sidoCode) VALUES ('REG017', '하남', '31');
INSERT INTO region (regID, regName, sidoCode) VALUES ('REG018', '화성', '31');
INSERT INTO region (regID, regName, sidoCode) VALUES ('REG019', '김포', '31');
INSERT INTO region (regID, regName, sidoCode) VALUES ('REG020', '이천', '31');
INSERT INTO region (regID, regName, sidoCode) VALUES ('REG021', '여주', '31');
INSERT INTO region (regID, regName, sidoCode) VALUES ('REG022', '춘천', '42');
INSERT INTO region (regID, regName, sidoCode) VALUES ('REG023', '원주', '42');
INSERT INTO region (regID, regName, sidoCode) VALUES ('REG024', '강릉', '42');
INSERT INTO region (regID, regName, sidoCode) VALUES ('REG025', '동해', '42');
INSERT INTO region (regID, regName, sidoCode) VALUES ('REG026', '속초', '42');
INSERT INTO region (regID, regName, sidoCode) VALUES ('REG027', '삼척', '42');
INSERT INTO region (regID, regName, sidoCode) VALUES ('REG028', '철원', '42');
INSERT INTO region (regID, regName, sidoCode) VALUES ('REG029', '태백', '42');
INSERT INTO region (regID, regName, sidoCode) VALUES ('REG030', '홍천', '42');
INSERT INTO region (regID, regName, sidoCode) VALUES ('REG031', '대전', '30');
INSERT INTO region (regID, regName, sidoCode) VALUES ('REG032', '세종', '36');
INSERT INTO region (regID, regName, sidoCode) VALUES ('REG033', '천안', '41');
INSERT INTO region (regID, regName, sidoCode) VALUES ('REG034', '아산', '41');
INSERT INTO region (regID, regName, sidoCode) VALUES ('REG035', '청주', '43');
INSERT INTO region (regID, regName, sidoCode) VALUES ('REG036', '충주', '43');
INSERT INTO region (regID, regName, sidoCode) VALUES ('REG037', '제천', '43');
INSERT INTO region (regID, regName, sidoCode) VALUES ('REG038', '보은', '43');
INSERT INTO region (regID, regName, sidoCode) VALUES ('REG039', '옥천', '43');
INSERT INTO region (regID, regName, sidoCode) VALUES ('REG040', '영동', '43');
INSERT INTO region (regID, regName, sidoCode) VALUES ('REG041', '부산', '26');
INSERT INTO region (regID, regName, sidoCode) VALUES ('REG042', '서부산', '26');
INSERT INTO region (regID, regName, sidoCode) VALUES ('REG043', '동부산', '26');
INSERT INTO region (regID, regName, sidoCode) VALUES ('REG044', '사상', '26');
INSERT INTO region (regID, regName, sidoCode) VALUES ('REG045', '김해', '26');
INSERT INTO region (regID, regName, sidoCode) VALUES ('REG046', '양산', '26');
INSERT INTO region (regID, regName, sidoCode) VALUES ('REG047', '울산', '27');
INSERT INTO region (regID, regName, sidoCode) VALUES ('REG048', '울산북부', '27');
INSERT INTO region (regID, regName, sidoCode) VALUES ('REG049', '창원', '27');
INSERT INTO region (regID, regName, sidoCode) VALUES ('REG050', '진주', '27');
INSERT INTO region (regID, regName, sidoCode) VALUES ('REG051', '마산', '27');
INSERT INTO region (regID, regName, sidoCode) VALUES ('REG052', '거제', '27');
INSERT INTO region (regID, regName, sidoCode) VALUES ('REG053', '포항', '29');
INSERT INTO region (regID, regName, sidoCode) VALUES ('REG054', '경주', '29');
INSERT INTO region (regID, regName, sidoCode) VALUES ('REG055', '김천', '29');
INSERT INTO region (regID, regName, sidoCode) VALUES ('REG056', '안동', '29');
INSERT INTO region (regID, regName, sidoCode) VALUES ('REG057', '구미', '29');
INSERT INTO region (regID, regName, sidoCode) VALUES ('REG058', '상주', '29');
INSERT INTO region (regID, regName, sidoCode) VALUES ('REG059', '영주', '29');
INSERT INTO region (regID, regName, sidoCode) VALUES ('REG060', '문경', '29');
INSERT INTO region (regID, regName, sidoCode) VALUES ('REG061', '군위', '29');
INSERT INTO region (regID, regName, sidoCode) VALUES ('REG062', '의성', '29');
INSERT INTO region (regID, regName, sidoCode) VALUES ('REG063', '청송', '29');
INSERT INTO region (regID, regName, sidoCode) VALUES ('REG064', '영양', '29');
INSERT INTO region (regID, regName, sidoCode) VALUES ('REG065', '영덕', '29');
INSERT INTO region (regID, regName, sidoCode) VALUES ('REG066', '봉화', '29');
INSERT INTO region (regID, regName, sidoCode) VALUES ('REG067', '울진', '29');
INSERT INTO region (regID, regName, sidoCode) VALUES ('REG068', '전주', '44');
INSERT INTO region (regID, regName, sidoCode) VALUES ('REG069', '군산', '44');
INSERT INTO region (regID, regName, sidoCode) VALUES ('REG070', '익산', '44');
INSERT INTO region (regID, regName, sidoCode) VALUES ('REG071', '정읍', '44');
INSERT INTO region (regID, regName, sidoCode) VALUES ('REG072', '남원', '44');
INSERT INTO region (regID, regName, sidoCode) VALUES ('REG073', '김제', '44');
INSERT INTO region (regID, regName, sidoCode) VALUES ('REG074', '완주', '44');
INSERT INTO region (regID, regName, sidoCode) VALUES ('REG075', '진안', '44');
INSERT INTO region (regID, regName, sidoCode) VALUES ('REG076', '무주', '44');
INSERT INTO region (regID, regName, sidoCode) VALUES ('REG077', '장수', '44');
INSERT INTO region (regID, regName, sidoCode) VALUES ('REG078', '임실', '44');
INSERT INTO region (regID, regName, sidoCode) VALUES ('REG079', '순창', '44');
INSERT INTO region (regID, regName, sidoCode) VALUES ('REG080', '고창', '44');
INSERT INTO region (regID, regName, sidoCode) VALUES ('REG081', '부안', '44');
INSERT INTO region (regID, regName, sidoCode) VALUES ('REG082', '광주', '45');
INSERT INTO region (regID, regName, sidoCode) VALUES ('REG083', '나주', '45');
INSERT INTO region (regID, regName, sidoCode) VALUES ('REG084', '목포', '45');
INSERT INTO region (regID, regName, sidoCode) VALUES ('REG085', '여수', '45');
INSERT INTO region (regID, regName, sidoCode) VALUES ('REG086', '순천', '45');
INSERT INTO region (regID, regName, sidoCode) VALUES ('REG087', '광양', '45');
INSERT INTO region (regID, regName, sidoCode) VALUES ('REG088', '담양', '45');
INSERT INTO region (regID, regName, sidoCode) VALUES ('REG089', '곡성', '45');
INSERT INTO region (regID, regName, sidoCode) VALUES ('REG090', '구례', '45');
INSERT INTO region (regID, regName, sidoCode) VALUES ('REG091', '고흥', '45');
INSERT INTO region (regID, regName, sidoCode) VALUES ('REG092', '보성', '45');
INSERT INTO region (regID, regName, sidoCode) VALUES ('REG093', '화순', '45');
INSERT INTO region (regID, regName, sidoCode) VALUES ('REG094', '장성', '45');
INSERT INTO region (regID, regName, sidoCode) VALUES ('REG095', '영광', '45');
INSERT INTO region (regID, regName, sidoCode) VALUES ('REG096', '무안', '45');
INSERT INTO region (regID, regName, sidoCode) VALUES ('REG097', '함평', '45');
INSERT INTO region (regID, regName, sidoCode) VALUES ('REG098', '영암', '45');
INSERT INTO region (regID, regName, sidoCode) VALUES ('REG099', '진도', '45');
INSERT INTO region (regID, regName, sidoCode) VALUES ('REG100', '완도', '45');
INSERT INTO region (regID, regName, sidoCode) VALUES ('REG101', '강진', '45');
INSERT INTO region (regID, regName, sidoCode) VALUES ('REG102', '장흥', '45');
INSERT INTO region (regID, regName, sidoCode) VALUES ('REG103', '해남', '45');
INSERT INTO region (regID, regName, sidoCode) VALUES ('REG104', '영월', '42');
INSERT INTO region (regID, regName, sidoCode) VALUES ('REG105', '평창', '42');
INSERT INTO region (regID, regName, sidoCode) VALUES ('REG106', '정선', '42');
INSERT INTO region (regID, regName, sidoCode) VALUES ('REG107', '철원', '42');
INSERT INTO region (regID, regName, sidoCode) VALUES ('REG108', '화천', '42');
INSERT INTO region (regID, regName, sidoCode) VALUES ('REG109', '양구', '42');
INSERT INTO region (regID, regName, sidoCode) VALUES ('REG110', '예산', '41');
INSERT INTO region (regID, regName, sidoCode) VALUES ('REG111', '보령', '41');
INSERT INTO region (regID, regName, sidoCode) VALUES ('REG112', '서산', '41');
INSERT INTO region (regID, regName, sidoCode) VALUES ('REG113', '태안', '41');
INSERT INTO region (regID, regName, sidoCode) VALUES ('REG114', '홍성', '41');
INSERT INTO region (regID, regName, sidoCode) VALUES ('REG115', '청양', '41');
INSERT INTO region (regID, regName, sidoCode) VALUES ('REG116', '부여', '41');
INSERT INTO region (regID, regName, sidoCode) VALUES ('REG117', '서천', '41');
INSERT INTO region (regID, regName, sidoCode) VALUES ('REG118', '계룡', '41');
INSERT INTO region (regID, regName, sidoCode) VALUES ('REG119', '논산', '41');
INSERT INTO region (regID, regName, sidoCode) VALUES ('REG120', '금산', '41');
INSERT INTO region (regID, regName, sidoCode) VALUES ('REG121', '진천', '43');
INSERT INTO region (regID, regName, sidoCode) VALUES ('REG122', '음성', '43');
INSERT INTO region (regID, regName, sidoCode) VALUES ('REG123', '괴산', '43');
INSERT INTO region (regID, regName, sidoCode) VALUES ('REG124', '증평', '43');
INSERT INTO region (regID, regName, sidoCode) VALUES ('REG125', '단양', '43');
INSERT INTO region (regID, regName, sidoCode) VALUES ('REG126', '영월', '42');
INSERT INTO region (regID, regName, sidoCode) VALUES ('REG127', '충주', '43');
INSERT INTO region (regID, regName, sidoCode) VALUES ('REG128', '제천', '43');
INSERT INTO region (regID, regName, sidoCode) VALUES ('REG129', '서산', '41');
INSERT INTO region (regID, regName, sidoCode) VALUES ('REG130', '평택', '31');
INSERT INTO region (regID, regName, sidoCode) VALUES ('REG131', '안성', '31');
INSERT INTO region (regID, regName, sidoCode) VALUES ('REG132', '양평', '42');
INSERT INTO region (regID, regName, sidoCode) VALUES ('REG133', '가평', '42');
INSERT INTO region (regID, regName, sidoCode) VALUES ('REG134', '양주', '31');
INSERT INTO region (regID, regName, sidoCode) VALUES ('REG135', '포천', '31');
INSERT INTO region (regID, regName, sidoCode) VALUES ('REG136', '동두천', '31');
INSERT INTO region (regID, regName, sidoCode) VALUES ('REG137', '연천', '31');
INSERT INTO region (regID, regName, sidoCode) VALUES ('REG138', '과천', '31');
INSERT INTO region (regID, regName, sidoCode) VALUES ('REG139', '광주', '31');
INSERT INTO region (regID, regName, sidoCode) VALUES ('REG140', '구리', '31');
INSERT INTO region (regID, regName, sidoCode) VALUES ('REG141', '남양주', '31');
INSERT INTO region (regID, regName, sidoCode) VALUES ('REG142', '의왕', '31');
INSERT INTO region (regID, regName, sidoCode) VALUES ('REG143', '하남', '31');
INSERT INTO region (regID, regName, sidoCode) VALUES ('REG144', '광주광역시', '45');
INSERT INTO region (regID, regName, sidoCode) VALUES ('REG145', '대구', '25');
INSERT INTO region (regID, regName, sidoCode) VALUES ('REG146', '경산', '25');
INSERT INTO region (regID, regName, sidoCode) VALUES ('REG147', '구미', '29');
INSERT INTO region (regID, regName, sidoCode) VALUES ('REG148', '칠곡', '29');
INSERT INTO region (regID, regName, sidoCode) VALUES ('REG149', '경주', '29');
INSERT INTO region (regID, regName, sidoCode) VALUES ('REG150', '포항', '29');
INSERT INTO region (regID, regName, sidoCode) VALUES ('REG151', '영천', '29');
INSERT INTO region (regID, regName, sidoCode) VALUES ('REG152', '영덕', '29');
INSERT INTO region (regID, regName, sidoCode) VALUES ('REG153', '봉화', '29');
INSERT INTO region (regID, regName, sidoCode) VALUES ('REG154', '울진', '29');
INSERT INTO region (regID, regName, sidoCode) VALUES ('REG155', '울릉도', '29');
INSERT INTO region (regID, regName, sidoCode) VALUES ('REG156', '서귀포', '49');
INSERT INTO region (regID, regName, sidoCode) VALUES ('REG157', '제주시', '49');
INSERT INTO region (regID, regName, sidoCode) VALUES ('REG158', '성산', '49');
INSERT INTO region (regID, regName, sidoCode) VALUES ('REG159', '고성', '42');
INSERT INTO region (regID, regName, sidoCode) VALUES ('REG160', '양양', '42');
INSERT INTO region (regID, regName, sidoCode) VALUES ('REG161', '평창', '42');
INSERT INTO region (regID, regName, sidoCode) VALUES ('REG162', '홍천', '42');
INSERT INTO region (regID, regName, sidoCode) VALUES ('REG163', '횡성', '42');
INSERT INTO region (regID, regName, sidoCode) VALUES ('REG164', '철원', '42');
INSERT INTO region (regID, regName, sidoCode) VALUES ('REG165', '화천', '42');
INSERT INTO region (regID, regName, sidoCode) VALUES ('REG166', '양구', '42');
INSERT INTO region (regID, regName, sidoCode) VALUES ('REG167', '인제', '42');
INSERT INTO region (regID, regName, sidoCode) VALUES ('REG168', '고창', '44');
INSERT INTO region (regID, regName, sidoCode) VALUES ('REG169', '영광', '45');
INSERT INTO region (regID, regName, sidoCode) VALUES ('REG170', '무안', '45');

INSERT INTO departure (depID, regID) VALUES ('DEP001', 'REG001');
INSERT INTO arrival (arrID, regID) VALUES ('ARR001', 'REG001');
INSERT INTO departure (depID, regID) VALUES ('DEP002', 'REG002');
INSERT INTO arrival (arrID, regID) VALUES ('ARR002', 'REG002');
INSERT INTO departure (depID, regID) VALUES ('DEP003', 'REG003');
INSERT INTO arrival (arrID, regID) VALUES ('ARR003', 'REG003');
INSERT INTO departure (depID, regID) VALUES ('DEP004', 'REG004');
INSERT INTO arrival (arrID, regID) VALUES ('ARR004', 'REG004');
INSERT INTO departure (depID, regID) VALUES ('DEP005', 'REG005');
INSERT INTO arrival (arrID, regID) VALUES ('ARR005', 'REG005');
INSERT INTO departure (depID, regID) VALUES ('DEP006', 'REG006');
INSERT INTO arrival (arrID, regID) VALUES ('ARR006', 'REG006');
INSERT INTO departure (depID, regID) VALUES ('DEP007', 'REG007');
INSERT INTO arrival (arrID, regID) VALUES ('ARR007', 'REG007');
INSERT INTO departure (depID, regID) VALUES ('DEP008', 'REG008');
INSERT INTO arrival (arrID, regID) VALUES ('ARR008', 'REG008');
INSERT INTO departure (depID, regID) VALUES ('DEP009', 'REG009');
INSERT INTO arrival (arrID, regID) VALUES ('ARR009', 'REG009');
INSERT INTO departure (depID, regID) VALUES ('DEP010', 'REG010');
INSERT INTO arrival (arrID, regID) VALUES ('ARR010', 'REG010');
INSERT INTO departure (depID, regID) VALUES ('DEP011', 'REG011');
INSERT INTO arrival (arrID, regID) VALUES ('ARR011', 'REG011');
INSERT INTO departure (depID, regID) VALUES ('DEP012', 'REG012');
INSERT INTO arrival (arrID, regID) VALUES ('ARR012', 'REG012');
INSERT INTO departure (depID, regID) VALUES ('DEP013', 'REG013');
INSERT INTO arrival (arrID, regID) VALUES ('ARR013', 'REG013');
INSERT INTO departure (depID, regID) VALUES ('DEP014', 'REG014');
INSERT INTO arrival (arrID, regID) VALUES ('ARR014', 'REG014');
INSERT INTO departure (depID, regID) VALUES ('DEP015', 'REG015');
INSERT INTO arrival (arrID, regID) VALUES ('ARR015', 'REG015');
INSERT INTO departure (depID, regID) VALUES ('DEP016', 'REG016');
INSERT INTO arrival (arrID, regID) VALUES ('ARR016', 'REG016');
INSERT INTO departure (depID, regID) VALUES ('DEP017', 'REG017');
INSERT INTO arrival (arrID, regID) VALUES ('ARR017', 'REG017');
INSERT INTO departure (depID, regID) VALUES ('DEP018', 'REG018');
INSERT INTO arrival (arrID, regID) VALUES ('ARR018', 'REG018');
INSERT INTO departure (depID, regID) VALUES ('DEP019', 'REG019');
INSERT INTO arrival (arrID, regID) VALUES ('ARR019', 'REG019');
INSERT INTO departure (depID, regID) VALUES ('DEP020', 'REG020');
INSERT INTO arrival (arrID, regID) VALUES ('ARR020', 'REG020');
INSERT INTO departure (depID, regID) VALUES ('DEP021', 'REG021');
INSERT INTO arrival (arrID, regID) VALUES ('ARR021', 'REG021');
INSERT INTO departure (depID, regID) VALUES ('DEP022', 'REG022');
INSERT INTO arrival (arrID, regID) VALUES ('ARR022', 'REG022');
INSERT INTO departure (depID, regID) VALUES ('DEP023', 'REG023');
INSERT INTO arrival (arrID, regID) VALUES ('ARR023', 'REG023');
INSERT INTO departure (depID, regID) VALUES ('DEP024', 'REG024');
INSERT INTO arrival (arrID, regID) VALUES ('ARR024', 'REG024');
INSERT INTO departure (depID, regID) VALUES ('DEP025', 'REG025');
INSERT INTO arrival (arrID, regID) VALUES ('ARR025', 'REG025');
INSERT INTO departure (depID, regID) VALUES ('DEP026', 'REG026');
INSERT INTO arrival (arrID, regID) VALUES ('ARR026', 'REG026');
INSERT INTO departure (depID, regID) VALUES ('DEP027', 'REG027');
INSERT INTO arrival (arrID, regID) VALUES ('ARR027', 'REG027');
INSERT INTO departure (depID, regID) VALUES ('DEP028', 'REG028');
INSERT INTO arrival (arrID, regID) VALUES ('ARR028', 'REG028');
INSERT INTO departure (depID, regID) VALUES ('DEP029', 'REG029');
INSERT INTO arrival (arrID, regID) VALUES ('ARR029', 'REG029');
INSERT INTO departure (depID, regID) VALUES ('DEP030', 'REG030');
INSERT INTO arrival (arrID, regID) VALUES ('ARR030', 'REG030');
INSERT INTO departure (depID, regID) VALUES ('DEP031', 'REG031');
INSERT INTO arrival (arrID, regID) VALUES ('ARR031', 'REG031');
INSERT INTO departure (depID, regID) VALUES ('DEP032', 'REG032');
INSERT INTO arrival (arrID, regID) VALUES ('ARR032', 'REG032');
INSERT INTO departure (depID, regID) VALUES ('DEP033', 'REG033');
INSERT INTO arrival (arrID, regID) VALUES ('ARR033', 'REG033');
INSERT INTO departure (depID, regID) VALUES ('DEP034', 'REG034');
INSERT INTO arrival (arrID, regID) VALUES ('ARR034', 'REG034');
INSERT INTO departure (depID, regID) VALUES ('DEP035', 'REG035');
INSERT INTO arrival (arrID, regID) VALUES ('ARR035', 'REG035');
INSERT INTO departure (depID, regID) VALUES ('DEP036', 'REG036');
INSERT INTO arrival (arrID, regID) VALUES ('ARR036', 'REG036');
INSERT INTO departure (depID, regID) VALUES ('DEP037', 'REG037');
INSERT INTO arrival (arrID, regID) VALUES ('ARR037', 'REG037');
INSERT INTO departure (depID, regID) VALUES ('DEP038', 'REG038');
INSERT INTO arrival (arrID, regID) VALUES ('ARR038', 'REG038');
INSERT INTO departure (depID, regID) VALUES ('DEP039', 'REG039');
INSERT INTO arrival (arrID, regID) VALUES ('ARR039', 'REG039');
INSERT INTO departure (depID, regID) VALUES ('DEP040', 'REG040');
INSERT INTO arrival (arrID, regID) VALUES ('ARR040', 'REG040');
INSERT INTO departure (depID, regID) VALUES ('DEP041', 'REG041');
INSERT INTO arrival (arrID, regID) VALUES ('ARR041', 'REG041');
INSERT INTO departure (depID, regID) VALUES ('DEP042', 'REG042');
INSERT INTO arrival (arrID, regID) VALUES ('ARR042', 'REG042');
INSERT INTO departure (depID, regID) VALUES ('DEP043', 'REG043');
INSERT INTO arrival (arrID, regID) VALUES ('ARR043', 'REG043');
INSERT INTO departure (depID, regID) VALUES ('DEP044', 'REG044');
INSERT INTO arrival (arrID, regID) VALUES ('ARR044', 'REG044');
INSERT INTO departure (depID, regID) VALUES ('DEP045', 'REG045');
INSERT INTO arrival (arrID, regID) VALUES ('ARR045', 'REG045');
INSERT INTO departure (depID, regID) VALUES ('DEP046', 'REG046');
INSERT INTO arrival (arrID, regID) VALUES ('ARR046', 'REG046');
INSERT INTO departure (depID, regID) VALUES ('DEP047', 'REG047');
INSERT INTO arrival (arrID, regID) VALUES ('ARR047', 'REG047');
INSERT INTO departure (depID, regID) VALUES ('DEP048', 'REG048');
INSERT INTO arrival (arrID, regID) VALUES ('ARR048', 'REG048');
INSERT INTO departure (depID, regID) VALUES ('DEP049', 'REG049');
INSERT INTO arrival (arrID, regID) VALUES ('ARR049', 'REG049');
INSERT INTO departure (depID, regID) VALUES ('DEP050', 'REG050');
INSERT INTO arrival (arrID, regID) VALUES ('ARR050', 'REG050');

INSERT INTO company (comID, comName, regNumber, comPhone, comAddr) VALUES ('COM001', '금호고속', 1000000000 + 0, '15444888', '광주광역시 서구 무진대로 904(광천동,광천터미널)');
INSERT INTO company (comID, comName, regNumber, comPhone, comAddr) VALUES ('COM002', '동부고속', 1000000000 + 1, '025353111', '서울특별시 서초구 신반포로 194, 924호');
INSERT INTO company (comID, comName, regNumber, comPhone, comAddr) VALUES ('COM003', '동양고속', 1000000000 + 2, '16883287', '경기도 안양시 동안구 홍안대로 67(호계동)');
INSERT INTO company (comID, comName, regNumber, comPhone, comAddr) VALUES ('COM004', '삼화고속', 1000000000 + 3, '025991790', '서울시 서초구 신반포로 194');
INSERT INTO company (comID, comName, regNumber, comPhone, comAddr) VALUES ('COM005', '중앙고속', 1000000000 + 4, '0432301657', '충북 청주시 흥덕구 2순환로 1229(가경동)	');
INSERT INTO company (comID, comName, regNumber, comPhone, comAddr) VALUES ('COM006', '금남고속', 1000000000 + 5, '0313798800', '대전시 중구 산성동 759-33');
INSERT INTO company (comID, comName, regNumber, comPhone, comAddr) VALUES ('COM007', '천마고속', 1000000000 + 6, '0512549115', '대구광역시 동구 신천동 481-3');
INSERT INTO company (comID, comName, regNumber, comPhone, comAddr) VALUES ('COM008', '천일여객', 1000000000 + 7, '025352101', '부산광역시 동구 초량동 1211-6');
INSERT INTO company (comID, comName, regNumber, comPhone, comAddr) VALUES ('COM009', '호남고속', 1000000000 + 8, '0632115111', '전북 전주시 덕진구 팔복동 1가 280-3');
INSERT INTO company (comID, comName, regNumber, comPhone, comAddr) VALUES ('COM010', '충남고속', 1000000000 + 9, '01012345679', '충남 예산군 예산읍 산성리 647');

INSERT INTO bus (busid, busno, busseats, comid, busgrade) VALUES ('BUS001', 1001, 21, 'COM001', '일반');
INSERT INTO bus (busid, busno, busseats, comid, busgrade) VALUES ('BUS002', 1002, 21, 'COM001', '우등');
INSERT INTO bus (busid, busno, busseats, comid, busgrade) VALUES ('BUS003', 1003, 21, 'COM001', '프리미엄');

INSERT INTO bus (busid, busno, busseats, comid, busgrade) VALUES ('BUS004', 1004, 21, 'COM002', '일반');
INSERT INTO bus (busid, busno, busseats, comid, busgrade) VALUES ('BUS005', 1005, 21, 'COM002', '우등');
INSERT INTO bus (busid, busno, busseats, comid, busgrade) VALUES ('BUS006', 1006, 21, 'COM002', '프리미엄');

INSERT INTO bus (busid, busno, busseats, comid, busgrade) VALUES ('BUS007', 1007, 21, 'COM003', '일반');
INSERT INTO bus (busid, busno, busseats, comid, busgrade) VALUES ('BUS008', 1008, 21, 'COM003', '우등');
INSERT INTO bus (busid, busno, busseats, comid, busgrade) VALUES ('BUS009', 1009, 21, 'COM003', '프리미엄');

INSERT INTO bus (busid, busno, busseats, comid, busgrade) VALUES ('BUS010', 1010, 21, 'COM004', '일반');
INSERT INTO bus (busid, busno, busseats, comid, busgrade) VALUES ('BUS011', 1011, 21, 'COM004', '우등');
INSERT INTO bus (busid, busno, busseats, comid, busgrade) VALUES ('BUS012', 1012, 21, 'COM004', '프리미엄');

INSERT INTO bus (busid, busno, busseats, comid, busgrade) VALUES ('BUS013', 1013, 21, 'COM005', '일반');
INSERT INTO bus (busid, busno, busseats, comid, busgrade) VALUES ('BUS014', 1014, 21, 'COM005', '우등');
INSERT INTO bus (busid, busno, busseats, comid, busgrade) VALUES ('BUS015', 1015, 21, 'COM005', '프리미엄');

INSERT INTO bus (busid, busno, busseats, comid, busgrade) VALUES ('BUS016', 1016, 21, 'COM006', '일반');
INSERT INTO bus (busid, busno, busseats, comid, busgrade) VALUES ('BUS017', 1017, 21, 'COM006', '우등');
INSERT INTO bus (busid, busno, busseats, comid, busgrade) VALUES ('BUS018', 1018, 21, 'COM006', '프리미엄');

INSERT INTO bus (busid, busno, busseats, comid, busgrade) VALUES ('BUS019', 1019, 21, 'COM007', '일반');
INSERT INTO bus (busid, busno, busseats, comid, busgrade) VALUES ('BUS020', 1020, 21, 'COM007', '우등');
INSERT INTO bus (busid, busno, busseats, comid, busgrade) VALUES ('BUS021', 1021, 21, 'COM007', '프리미엄');

INSERT INTO bus (busid, busno, busseats, comid, busgrade) VALUES ('BUS022', 1022, 21, 'COM008', '일반');
INSERT INTO bus (busid, busno, busseats, comid, busgrade) VALUES ('BUS023', 1023, 21, 'COM008', '우등');
INSERT INTO bus (busid, busno, busseats, comid, busgrade) VALUES ('BUS024', 1024, 21, 'COM008', '프리미엄');

INSERT INTO bus (busid, busno, busseats, comid, busgrade) VALUES ('BUS025', 1025, 21, 'COM009', '일반');
INSERT INTO bus (busid, busno, busseats, comid, busgrade) VALUES ('BUS026', 1026, 21, 'COM009', '우등');
INSERT INTO bus (busid, busno, busseats, comid, busgrade) VALUES ('BUS027', 1027, 21, 'COM009', '프리미엄');

INSERT INTO bus (busid, busno, busseats, comid, busgrade) VALUES ('BUS028', 1028, 21, 'COM010', '일반');
INSERT INTO bus (busid, busno, busseats, comid, busgrade) VALUES ('BUS029', 1029, 21, 'COM010', '우등');
INSERT INTO bus (busid, busno, busseats, comid, busgrade) VALUES ('BUS030', 1030, 21, 'COM010', '프리미엄');



DECLARE
  v_busid VARCHAR2(10);
  v_busgrade VARCHAR2(20);
  v_seat_count NUMBER;
  v_seat_no NUMBER;
  v_seatid VARCHAR2(20);
  v_seat_prefix VARCHAR2(10) := 'SEAT';
  v_seat_id_num NUMBER := 1; -- seatid 숫자 부분 시작값
BEGIN
  FOR bus_rec IN (SELECT busid, busgrade FROM bus WHERE busid BETWEEN 'BUS001' AND 'BUS030' ORDER BY busid) LOOP
    v_busid := bus_rec.busid;
    v_busgrade := bus_rec.busgrade;

    -- 버스별 좌석 개수를 지정하는 로직 (예: 등급별 좌석수 지정)
    IF v_busgrade = '일반' THEN
      v_seat_count := 21;
    ELSIF v_busgrade = '프리미엄' THEN
      v_seat_count := 21;
    ELSIF v_busgrade = '우등' THEN
      v_seat_count := 21;
    ELSE
      v_seat_count := 21; -- 기본값
    END IF;

    FOR v_seat_no IN 1 .. v_seat_count LOOP
      v_seatid := v_seat_prefix || TO_CHAR(v_seat_id_num, 'FM000');

      INSERT INTO seat(seatid, busid, seatno, seattype, seatable)
      VALUES (v_seatid, v_busid, v_seat_no, v_busgrade, 'Y');

      v_seat_id_num := v_seat_id_num + 1;
    END LOOP;
  END LOOP;

  COMMIT;
END;
/



SELECT * FROM REGION;


-- ROUTE 테이블 더미데이터 PL/SQL
DECLARE
  v_rouid   VARCHAR2(10);
  v_comid   VARCHAR2(10);
  v_arrid   VARCHAR2(10);
  v_depid   VARCHAR2(10);
  v_duration NUMBER;
  v_counter NUMBER := 1;
BEGIN
  FOR i IN 1..20 LOOP  -- i는 항상 j보다 작게
    FOR j IN (i+1)..21 LOOP
      -- 1. i → j
      v_arrid := 'ARR' || LPAD(j, 3, '0');
      v_depid := 'DEP' || LPAD(i, 3, '0');
      v_comid := 'COM' || LPAD(MOD(v_counter - 1, 10) + 1, 3, '0');
      v_rouid := 'ROU' || LPAD(v_counter, 4, '0');
      v_duration := 120 + MOD(v_counter * 3, 61);

      INSERT INTO ROUTE (ROUID, COMID, ARRID, DEPID, DURATION)
      VALUES (v_rouid, v_comid, v_arrid, v_depid, v_duration);
      v_counter := v_counter + 1;

      -- 2. j → i (왕복)
      v_arrid := 'ARR' || LPAD(i, 3, '0');
      v_depid := 'DEP' || LPAD(j, 3, '0');
      v_comid := 'COM' || LPAD(MOD(v_counter - 1, 10) + 1, 3, '0');
      v_rouid := 'ROU' || LPAD(v_counter, 4, '0');
      v_duration := 120 + MOD(v_counter * 3, 61);

      INSERT INTO ROUTE (ROUID, COMID, ARRID, DEPID, DURATION)
      VALUES (v_rouid, v_comid, v_arrid, v_depid, v_duration);
      v_counter := v_counter + 1;
    END LOOP;
  END LOOP;

  COMMIT;
END;
/

INSERT INTO kobusUser (kusID, tel, subEmail, id, passwd, birth, gender, rank, mil, status, joinDate) VALUES ('KUS' || LPAD(kobusUser_seq.NEXTVAL, 3, '0'), '01012340000', 'user1@test.com', 'user1', '$2a$10$hQYmmOvJrIM7eIkqU7DWa.0z8C18plLbGuNVbOyG1mtcy8yQieBBK', TO_DATE('1990-01-01', 'YYYY-MM-DD'), 1, '회원', 0, 'A', TO_DATE('2023-01-01','YYYY-MM-DD'));
INSERT INTO kobusUser (kusID, tel, subEmail, id, passwd, birth, gender, rank, mil, status, joinDate) VALUES ('KUS' || LPAD(kobusUser_seq.NEXTVAL, 3, '0'), '01012340001', 'user2@test.com', 'user2', '$2a$10$slZOghySnZyQHy52WpdnCurVBY0oj4Q3QZkWV7BNzxdjsPEy/j6CG', TO_DATE('1991-01-01', 'YYYY-MM-DD'), 2, '회원', 1000, 'A', TO_DATE('2023-01-01','YYYY-MM-DD'));
INSERT INTO kobusUser (kusID, tel, subEmail, id, passwd, birth, gender, rank, mil, status, joinDate) VALUES ('KUS' || LPAD(kobusUser_seq.NEXTVAL, 3, '0'), '01012340002', 'user3@test.com', 'user3', '$2a$10$5BfhzE.2XQs8XaCpuaRW5.gCFVcrtSW1nJD/OxpQ5xwi1074ouahm', TO_DATE('1992-01-01', 'YYYY-MM-DD'), 1, '회원', 2000, 'A', TO_DATE('2023-01-01','YYYY-MM-DD'));
INSERT INTO kobusUser (kusID, tel, subEmail, id, passwd, birth, gender, rank, mil, status, joinDate) VALUES ('KUS' || LPAD(kobusUser_seq.NEXTVAL, 3, '0'), '01012340003', 'user4@test.com', 'user4', '$2a$10$irK/QASXS/ge18idkULwMuikXzMpPT0r17c85GvaN3/qoM8nFZYi2', TO_DATE('1993-01-01', 'YYYY-MM-DD'), 2, '회원', 3000, 'A', TO_DATE('2023-01-01','YYYY-MM-DD'));
INSERT INTO kobusUser (kusID, tel, subEmail, id, passwd, birth, gender, rank, mil, status, joinDate) VALUES ('KUS' || LPAD(kobusUser_seq.NEXTVAL, 3, '0'), '01012340004', 'user5@test.com', 'user5', '$2a$10$xj2Dh.iy67KC1YG4h7q4T.8Oo16iUILg/QSt4dxgie3VMqVvP1/xy', TO_DATE('1994-01-01', 'YYYY-MM-DD'), 1, '회원', 4000, 'A', TO_DATE('2023-01-01','YYYY-MM-DD'));
INSERT INTO kobusUser (kusID, tel, subEmail, id, passwd, birth, gender, rank, mil, status, joinDate) VALUES ('KUS' || LPAD(kobusUser_seq.NEXTVAL, 3, '0'), '01012340005', 'user6@test.com', 'user6', '$2a$10$8AKwyXfKsEyu9lFOzZuboOzfAw.61.2ai/K0PRC9rDmpxVr3liybq', TO_DATE('1995-01-01', 'YYYY-MM-DD'), 2, '회원', 5000, 'A', TO_DATE('2023-01-01','YYYY-MM-DD'));
INSERT INTO kobusUser (kusID, tel, subEmail, id, passwd, birth, gender, rank, mil, status, joinDate) VALUES ('KUS' || LPAD(kobusUser_seq.NEXTVAL, 3, '0'), '01012340006', 'user7@test.com', 'user7', '$2a$10$TkU0B1FzsP1YayWuuhnmC.CYU9eqHglsuwEvic1z.Pvaepo5iIszu', TO_DATE('1996-01-01', 'YYYY-MM-DD'), 1, '회원', 6000, 'A', TO_DATE('2023-01-01','YYYY-MM-DD'));
INSERT INTO kobusUser (kusID, tel, subEmail, id, passwd, birth, gender, rank, mil, status, joinDate) VALUES ('KUS' || LPAD(kobusUser_seq.NEXTVAL, 3, '0'), '01012340007', 'user8@test.com', 'user8', '$2a$10$QTG3m4gj/hMzKwHa6/Alg.D7w6DEjnk/MwF7y06nuhxEmtHGDJTDu', TO_DATE('1997-01-01', 'YYYY-MM-DD'), 2, '회원', 7000, 'A', TO_DATE('2023-01-01','YYYY-MM-DD'));
INSERT INTO kobusUser (kusID, tel, subEmail, id, passwd, birth, gender, rank, mil, status, joinDate) VALUES ('KUS' || LPAD(kobusUser_seq.NEXTVAL, 3, '0'), '01012340008', 'user9@test.com', 'user9', '$2a$10$VJ5TzUJ7Ps77IWFoTTs6xOYWOh1mMxunDXDR/oBvtxvlUeyVjUgd.', TO_DATE('1998-01-01', 'YYYY-MM-DD'), 1, '회원', 8000, 'A', TO_DATE('2023-01-01','YYYY-MM-DD'));
INSERT INTO kobusUser (kusID, tel, subEmail, id, passwd, birth, gender, rank, mil, status, joinDate) VALUES ('KUS' || LPAD(kobusUser_seq.NEXTVAL, 3, '0'), '01012340009', 'user10@test.com', 'user10', '$2a$10$a/uWevLF9GOnmfanaB1mL.4TssYg8o/.BjthTj72zHB5O4eoLl5U.', TO_DATE('1999-01-01', 'YYYY-MM-DD'), 2, '회원', 9000, 'A', TO_DATE('2023-01-01','YYYY-MM-DD'));
INSERT INTO kobusUser (kusID, tel, subEmail, id, passwd, birth, gender, rank, mil, status, joinDate) VALUES ('KUS' || LPAD(kobusUser_seq.NEXTVAL, 3, '0'), '01012340010', 'admin1@test.com', 'admin1', '$2a$10$xGteGzh9iN/zdGjgDz1NR.Ldj7VWmT.ANvIhRcuE5CyhOiql5gM0y', TO_DATE('2000-01-01', 'YYYY-MM-DD'), 2, '관리자', 9000, 'A', TO_DATE('2023-01-01','YYYY-MM-DD'));

DROP SEQUENCE SEQ_BSHID;

CREATE SEQUENCE SEQ_BSHID
  START WITH 1
  INCREMENT BY 1
  NOMAXVALUE
  NOCYCLE
  CACHE 20;


	let login = $(".util-list > li:nth-child(1)").text();
	
	if(login.equal("로그인")) {
		var popLogin = $('[data-remodal-id=popLogin]').remodal().open();
	}else {
		$("#nonMbrsYn").val("N");
	}
	
	
	if(LoginChkMap.loginYn == "N" || LoginChkMap.mbrsDvsCd == "1"){
        		var popLogin = $('[data-remodal-id=popLogin]').remodal().open();
        	}else{
        		if(LoginChkMap.mbrsDvsCd == "1"){ //비회원
        			$("#nonMbrsYn").val("Y");
        		}else{ // 회원
        			$("#nonMbrsYn").val("N");
        		}
        		fnFrmSubmit();
        	}


-- BUSSCHEDULE 테이블 더미데이터 PL/SQL
DECLARE
    v_bshid   VARCHAR2(20);
    v_rouid   VARCHAR2(10);
    v_busid   VARCHAR2(10);
    v_depdate TIMESTAMP;
    v_arrdate TIMESTAMP;
    v_durmin  NUMBER;
    v_status  VARCHAR2(20);
    v_cancelfee NUMBER;
    v_cancelable CHAR(1);
    v_adultfare NUMBER;
    v_stufare   NUMBER;
    v_childfare NUMBER;

    v_start_date DATE := DATE '2025-07-27';
BEGIN
    FOR day_idx IN 0 .. 3 LOOP  -- 3일간 29일까지
        FOR route_idx IN 1 .. 420 LOOP  -- 800개 노선
            FOR trip_idx IN 1 .. 3 LOOP  -- 하루 3회차
                -- 시퀀스로 PK 생성
                v_bshid := 'BSH' || LPAD(SEQ_BSHID.NEXTVAL, 5, '0');

                v_rouid := 'ROU' || LPAD(route_idx, 4, '0');
                v_busid := 'BUS' || LPAD(MOD(route_idx + trip_idx - 1, 30) + 1, 3, '0');

                v_depdate := v_start_date + day_idx + NUMTODSINTERVAL(6 * trip_idx, 'HOUR');

                v_durmin := 90 + MOD(route_idx * trip_idx * 7, 90);
                v_arrdate := v_depdate + NUMTODSINTERVAL(v_durmin, 'MINUTE');

                v_status := CASE WHEN trip_idx = 3 THEN '운행중' ELSE '운행예정' END;

                IF MOD(route_idx, 5) = 0 THEN
                    v_cancelfee := 2000;
                    v_cancelable := 'Y';
                ELSE
                    v_cancelfee := 0;
                    v_cancelable := 'N';
                END IF;

                v_adultfare := 15000 + MOD(route_idx * trip_idx * 123, 10000);
                v_stufare   := ROUND(v_adultfare * 0.85);
                v_childfare := ROUND(v_adultfare * 0.70);

                INSERT INTO BUSSCHEDULE (
                    BSHID, ROUID, BUSID, DEPARTUREDATE, ARRIVALDATE,
                    DURMIN, REMAINSEATS, STATUS, CANCELFEE, CANCELABLE,
                    ADULTFARE, STUFARE, CHILDFARE
                ) VALUES (
                    v_bshid, v_rouid, v_busid, v_depdate, v_arrdate,
                    v_durmin, 21, v_status, v_cancelfee, v_cancelable,
                    v_adultfare, v_stufare, v_childfare
                );
            END LOOP;
        END LOOP;
    END LOOP;

    COMMIT;
END;
/

--일자 루프 : FOR day_idx IN 0..5 → 6일
--노선 루프 : FOR route_idx IN 1..80 → 800개 노선
--회차 루프 : FOR trip_idx IN 1..3 → 하루 3회차
--PK(BSHID) : (일자 * 90) + (노선당 누적) + 회차
--출발시간 : 기준일 + day_idx + 6시간 간격
--종료시간 : 출발 + 소요시간(120~180분 랜덤)

/*댓글 brdcomment 테이블 더미데이터 넣는거 수정예정(25.06.24) */
INSERT INTO board (brdID, kusID, brdTitle, brdContent, brdDate, brdViews)
VALUES (board_seq.NEXTVAL, 'KUS001', '공지사항', '시스템 점검 예정 안내입니다.', SYSTIMESTAMP - 5/24, 11);

INSERT INTO board (brdID, kusID, brdTitle, brdContent, brdDate, brdViews)
VALUES (board_seq.NEXTVAL, 'KUS002', '문의드립니다', '예매한 좌석 취소는 어떻게 하나요?', SYSTIMESTAMP - 4/24, 8);

INSERT INTO board (brdID, kusID, brdTitle, brdContent, brdDate, brdViews)
VALUES (board_seq.NEXTVAL, 'KUS003', '고속버스 할인 문의', '학생 할인 적용 방법이 궁금합니다.', SYSTIMESTAMP - 3/24, 6);

INSERT INTO board (brdID, kusID, brdTitle, brdContent, brdDate, brdViews)
VALUES (board_seq.NEXTVAL, 'KUS004', '시스템 오류', '앱에서 자꾸 튕겨요.', SYSTIMESTAMP - 2/24, 4);

INSERT INTO board (brdID, kusID, brdTitle, brdContent, brdDate, brdViews)
VALUES (board_seq.NEXTVAL, 'KUS005', '예매 시 결제 오류', '카드 결제가 안 됩니다.', SYSTIMESTAMP - 1/24, 7);

/*댓글 brdcomment 테이블 더미데이터 넣는거 수정예정(25.06.23) [테이블 변동 + 수정중] */

INSERT INTO customerInfo (cifID, cifTel, residentId) VALUES ('CIF001', '01055556660', 8001010000000);
INSERT INTO customerInfo (cifID, cifTel, residentId) VALUES ('CIF002', '01055556661', 8001010000001);
INSERT INTO customerInfo (cifID, cifTel, residentId) VALUES ('CIF003', '01055556662', 8001010000002);
INSERT INTO customerInfo (cifID, cifTel, residentId) VALUES ('CIF004', '01055556663', 8001010000003);
INSERT INTO customerInfo (cifID, cifTel, residentId) VALUES ('CIF005', '01055556664', 8001010000004);
INSERT INTO customerInfo (cifID, cifTel, residentId) VALUES ('CIF006', '01055556665', 8001010000005);
INSERT INTO customerInfo (cifID, cifTel, residentId) VALUES ('CIF007', '01055556666', 8001010000006);
INSERT INTO customerInfo (cifID, cifTel, residentId) VALUES ('CIF008', '01055556667', 8001010000007);
INSERT INTO customerInfo (cifID, cifTel, residentId) VALUES ('CIF009', '01055556668', 8001010000008);
INSERT INTO customerInfo (cifID, cifTel, residentId) VALUES ('CIF010', '01055556669', 8001010000009);

-- 프리패스 구매옵션
INSERT INTO FREE_PASS_OPTION (
  adtn_prd_sno,
  adtn_prd_use_cls_cd, adtn_prd_use_cls_nm,
  adtn_prd_use_psb_dno,
  adtn_prd_use_ntkn_cd, adtn_prd_use_ntkn_nm,
  wkd_wke_ntkn_cd, wkd_wke_ntkn_nm,
  temp_alcn_tissu_psb_yn,
  adtn_dc_yn
) VALUES (
  '0026',
  '1', '전체등급(프리미엄 제외)',
  3,
  '1', '전일권(월 ~ 일)',
  '3', '일반',
  'Y',
  'N'
);

INSERT INTO FREE_PASS_OPTION (
  adtn_prd_sno,
  adtn_prd_use_cls_cd, adtn_prd_use_cls_nm,
  adtn_prd_use_psb_dno,
  adtn_prd_use_ntkn_cd, adtn_prd_use_ntkn_nm,
  wkd_wke_ntkn_cd, wkd_wke_ntkn_nm,
  temp_alcn_tissu_psb_yn,
  adtn_dc_yn
) VALUES (
  '0027',
  '1', '전체등급(프리미엄 제외)',
  4,
  '2', '주중권(월 ~ 목)',
  '4', '일반',
  'Y',
  'N'
);

INSERT INTO FREE_PASS_OPTION (
  adtn_prd_sno,
  adtn_prd_use_cls_cd, adtn_prd_use_cls_nm,
  adtn_prd_use_psb_dno,
  adtn_prd_use_ntkn_cd, adtn_prd_use_ntkn_nm,
  wkd_wke_ntkn_cd, wkd_wke_ntkn_nm,
  temp_alcn_tissu_psb_yn,
  adtn_dc_yn
) VALUES (
  '0028',
  '1', '전체등급(프리미엄 제외)',
  5,
  '1', '전일권(월 ~ 일)',
  '3', '일반',
  'Y',
  'N'
);

INSERT INTO FREE_PASS_OPTION (
  adtn_prd_sno,
  adtn_prd_use_cls_cd, adtn_prd_use_cls_nm,
  adtn_prd_use_psb_dno,
  adtn_prd_use_ntkn_cd, adtn_prd_use_ntkn_nm,
  wkd_wke_ntkn_cd, wkd_wke_ntkn_nm,
  temp_alcn_tissu_psb_yn,
  adtn_dc_yn
) VALUES (
  '0029',
  '1', '전체등급(프리미엄 제외)',
  7,
  '1', '전일권(월 ~ 일)',
  '3', '일반',
  'Y',
  'N'
);

UPDATE FREE_PASS_OPTION SET amount = 88000 WHERE adtn_prd_sno = '0026'; -- 부가상품 일련번호 '0026'인 프리패스 옵션의 금액을 88000으로 업데이트
UPDATE FREE_PASS_OPTION SET amount = 81000 WHERE adtn_prd_sno = '0027'; -- 부가상품 일련번호 '0027'인 프리패스 옵션의 금액을 81000으로 업데이트
UPDATE FREE_PASS_OPTION SET amount = 110000 WHERE adtn_prd_sno = '0028'; -- 부가상품 일련번호 '0028'인 프리패스 옵션의 금액을 110000으로 업데이트
UPDATE FREE_PASS_OPTION SET amount = 132000 WHERE adtn_prd_sno = '0029'; -- 부가상품 일련번호 '0029'인 프리패스 옵션의 금액을 132000으로 업데이트

-- =====================================================================
-- 1. 정기권 대표 노선 정보 입력 (SEASON_TICKET_MAIN_ROUTE)
-- =====================================================================
-- 각 노선 번호(ROUTE_ID)에 대해 대표 출발지, 도착지 이름을 지정하고 판매 시작일은 '20250101'로 통일합니다.
INSERT INTO SEASON_TICKET_MAIN_ROUTE (ROUTE_ID, DEPR_NM, ARVL_NM, ADTN_PRD_SELL_STT_DT) VALUES ('010130', '서울경부', '안성', '20250101');
INSERT INTO SEASON_TICKET_MAIN_ROUTE (ROUTE_ID, DEPR_NM, ARVL_NM, ADTN_PRD_SELL_STT_DT) VALUES ('010140', '서울경부', '여주', '20250101');
INSERT INTO SEASON_TICKET_MAIN_ROUTE (ROUTE_ID, DEPR_NM, ARVL_NM, ADTN_PRD_SELL_STT_DT) VALUES ('010160', '서울경부', '이천', '20250101');
INSERT INTO SEASON_TICKET_MAIN_ROUTE (ROUTE_ID, DEPR_NM, ARVL_NM, ADTN_PRD_SELL_STT_DT) VALUES ('010174', '서울경부', '평택용이동', '20250101');
INSERT INTO SEASON_TICKET_MAIN_ROUTE (ROUTE_ID, DEPR_NM, ARVL_NM, ADTN_PRD_SELL_STT_DT) VALUES ('010175', '서울경부', '평택대', '20250101');
INSERT INTO SEASON_TICKET_MAIN_ROUTE (ROUTE_ID, DEPR_NM, ARVL_NM, ADTN_PRD_SELL_STT_DT) VALUES ('010177', '서울경부', '평택/안중', '20250101');
INSERT INTO SEASON_TICKET_MAIN_ROUTE (ROUTE_ID, DEPR_NM, ARVL_NM, ADTN_PRD_SELL_STT_DT) VALUES ('010180', '서울경부', '평택', '20250101');
INSERT INTO SEASON_TICKET_MAIN_ROUTE (ROUTE_ID, DEPR_NM, ARVL_NM, ADTN_PRD_SELL_STT_DT) VALUES ('010300', '서울경부', '대전복합', '20250101');
INSERT INTO SEASON_TICKET_MAIN_ROUTE (ROUTE_ID, DEPR_NM, ARVL_NM, ADTN_PRD_SELL_STT_DT) VALUES ('010305', '서울경부', '대전청사/도룡', '20250101');
INSERT INTO SEASON_TICKET_MAIN_ROUTE (ROUTE_ID, DEPR_NM, ARVL_NM, ADTN_PRD_SELL_STT_DT) VALUES ('010310', '서울경부', '천안', '20250101');
INSERT INTO SEASON_TICKET_MAIN_ROUTE (ROUTE_ID, DEPR_NM, ARVL_NM, ADTN_PRD_SELL_STT_DT) VALUES ('010340', '서울경부', '아산', '20250101');
INSERT INTO SEASON_TICKET_MAIN_ROUTE (ROUTE_ID, DEPR_NM, ARVL_NM, ADTN_PRD_SELL_STT_DT) VALUES ('010343', '서울경부', '천안아산역', '20250101');
INSERT INTO SEASON_TICKET_MAIN_ROUTE (ROUTE_ID, DEPR_NM, ARVL_NM, ADTN_PRD_SELL_STT_DT) VALUES ('010344', '서울경부', '아산둔포', '20250101');
INSERT INTO SEASON_TICKET_MAIN_ROUTE (ROUTE_ID, DEPR_NM, ARVL_NM, ADTN_PRD_SELL_STT_DT) VALUES ('010346', '서울경부', '천안3공단', '20250101');
INSERT INTO SEASON_TICKET_MAIN_ROUTE (ROUTE_ID, DEPR_NM, ARVL_NM, ADTN_PRD_SELL_STT_DT) VALUES ('010347', '서울경부', '선문대', '20250101');
INSERT INTO SEASON_TICKET_MAIN_ROUTE (ROUTE_ID, DEPR_NM, ARVL_NM, ADTN_PRD_SELL_STT_DT) VALUES ('010349', '서울경부', '탕정삼성LCD', '20250101');
INSERT INTO SEASON_TICKET_MAIN_ROUTE (ROUTE_ID, DEPR_NM, ARVL_NM, ADTN_PRD_SELL_STT_DT) VALUES ('010352', '서울경부', '세종', '20250101');
INSERT INTO SEASON_TICKET_MAIN_ROUTE (ROUTE_ID, DEPR_NM, ARVL_NM, ADTN_PRD_SELL_STT_DT) VALUES ('010353', '서울경부', '세종청사', '20250101');
INSERT INTO SEASON_TICKET_MAIN_ROUTE (ROUTE_ID, DEPR_NM, ARVL_NM, ADTN_PRD_SELL_STT_DT) VALUES ('010362', '서울경부', '세종시청', '20250101');
INSERT INTO SEASON_TICKET_MAIN_ROUTE (ROUTE_ID, DEPR_NM, ARVL_NM, ADTN_PRD_SELL_STT_DT) VALUES ('010400', '서울경부', '청주', '20250101');
INSERT INTO SEASON_TICKET_MAIN_ROUTE (ROUTE_ID, DEPR_NM, ARVL_NM, ADTN_PRD_SELL_STT_DT) VALUES ('100310', '인천', '천안', '20250101');
INSERT INTO SEASON_TICKET_MAIN_ROUTE (ROUTE_ID, DEPR_NM, ARVL_NM, ADTN_PRD_SELL_STT_DT) VALUES ('100340', '인천', '아산', '20250101');
INSERT INTO SEASON_TICKET_MAIN_ROUTE (ROUTE_ID, DEPR_NM, ARVL_NM, ADTN_PRD_SELL_STT_DT) VALUES ('100343', '인천', '천안아산역', '20250101');
INSERT INTO SEASON_TICKET_MAIN_ROUTE (ROUTE_ID, DEPR_NM, ARVL_NM, ADTN_PRD_SELL_STT_DT) VALUES ('118343', '죽전', '천안', '20250101');
INSERT INTO SEASON_TICKET_MAIN_ROUTE (ROUTE_ID, DEPR_NM, ARVL_NM, ADTN_PRD_SELL_STT_DT) VALUES ('118346', '죽전', '천안3공단', '20250101');
INSERT INTO SEASON_TICKET_MAIN_ROUTE (ROUTE_ID, DEPR_NM, ARVL_NM, ADTN_PRD_SELL_STT_DT) VALUES ('118347', '죽전', '선문대', '20250101');
INSERT INTO SEASON_TICKET_MAIN_ROUTE (ROUTE_ID, DEPR_NM, ARVL_NM, ADTN_PRD_SELL_STT_DT) VALUES ('118349', '죽전', '탕정삼성LCD', '20250101');
INSERT INTO SEASON_TICKET_MAIN_ROUTE (ROUTE_ID, DEPR_NM, ARVL_NM, ADTN_PRD_SELL_STT_DT) VALUES ('119343', '신갈영덕', '천안', '20250101');
INSERT INTO SEASON_TICKET_MAIN_ROUTE (ROUTE_ID, DEPR_NM, ARVL_NM, ADTN_PRD_SELL_STT_DT) VALUES ('119346', '신갈영덕', '천안3공단', '20250101');
INSERT INTO SEASON_TICKET_MAIN_ROUTE (ROUTE_ID, DEPR_NM, ARVL_NM, ADTN_PRD_SELL_STT_DT) VALUES ('119347', '신갈영덕', '선문대', '20250101');
INSERT INTO SEASON_TICKET_MAIN_ROUTE (ROUTE_ID, DEPR_NM, ARVL_NM, ADTN_PRD_SELL_STT_DT) VALUES ('119349', '신갈영덕', '탕정삼성LCD', '20250101');
INSERT INTO SEASON_TICKET_MAIN_ROUTE (ROUTE_ID, DEPR_NM, ARVL_NM, ADTN_PRD_SELL_STT_DT) VALUES ('700801', '부산', '동대구', '20250101');


-- =====================================================================
-- 2. 정기권 세부 노선 정보 입력 (SEASON_TICKET_ROUTE_DETAIL)
-- =====================================================================
-- SUB_ROUTE_ID는 트리거로 자동 생성되므로 제외합니다.
-- ADTN_DEPR_CD는 ROUTE_ID의 앞 3자리, ADTN_ARVL_CD는 뒤 3자리로 설정합니다.
INSERT INTO SEASON_TICKET_ROUTE_DETAIL (ROUTE_ID, ADTN_DEPR_NM, ADTN_ARVL_NM, ADTN_DEPR_CD, ADTN_ARVL_CD) VALUES ('010130', '서울경부', '안성', '010', '130');
INSERT INTO SEASON_TICKET_ROUTE_DETAIL (ROUTE_ID, ADTN_DEPR_NM, ADTN_ARVL_NM, ADTN_DEPR_CD, ADTN_ARVL_CD) VALUES ('010130', '서울경부', '안성중대', '010', '130');
INSERT INTO SEASON_TICKET_ROUTE_DETAIL (ROUTE_ID, ADTN_DEPR_NM, ADTN_ARVL_NM, ADTN_DEPR_CD, ADTN_ARVL_CD) VALUES ('010130', '서울경부', '안성풍림', '010', '130');
INSERT INTO SEASON_TICKET_ROUTE_DETAIL (ROUTE_ID, ADTN_DEPR_NM, ADTN_ARVL_NM, ADTN_DEPR_CD, ADTN_ARVL_CD) VALUES ('010130', '서울경부', '안성공도', '010', '130');
INSERT INTO SEASON_TICKET_ROUTE_DETAIL (ROUTE_ID, ADTN_DEPR_NM, ADTN_ARVL_NM, ADTN_DEPR_CD, ADTN_ARVL_CD) VALUES ('010130', '서울경부', '안성한경', '010', '130');
INSERT INTO SEASON_TICKET_ROUTE_DETAIL (ROUTE_ID, ADTN_DEPR_NM, ADTN_ARVL_NM, ADTN_DEPR_CD, ADTN_ARVL_CD) VALUES ('010130', '서울경부', '안성대림', '010', '130');
INSERT INTO SEASON_TICKET_ROUTE_DETAIL (ROUTE_ID, ADTN_DEPR_NM, ADTN_ARVL_NM, ADTN_DEPR_CD, ADTN_ARVL_CD) VALUES ('010130', '서울경부', '안성회관', '010', '130');
INSERT INTO SEASON_TICKET_ROUTE_DETAIL (ROUTE_ID, ADTN_DEPR_NM, ADTN_ARVL_NM, ADTN_DEPR_CD, ADTN_ARVL_CD) VALUES ('010130', '안성', '서울경부', '010', '130');
INSERT INTO SEASON_TICKET_ROUTE_DETAIL (ROUTE_ID, ADTN_DEPR_NM, ADTN_ARVL_NM, ADTN_DEPR_CD, ADTN_ARVL_CD) VALUES ('010130', '안성중대', '서울경부', '010', '130');
INSERT INTO SEASON_TICKET_ROUTE_DETAIL (ROUTE_ID, ADTN_DEPR_NM, ADTN_ARVL_NM, ADTN_DEPR_CD, ADTN_ARVL_CD) VALUES ('010130', '안성풍림', '서울경부', '010', '130');
INSERT INTO SEASON_TICKET_ROUTE_DETAIL (ROUTE_ID, ADTN_DEPR_NM, ADTN_ARVL_NM, ADTN_DEPR_CD, ADTN_ARVL_CD) VALUES ('010130', '안성공도', '서울경부', '010', '130');
INSERT INTO SEASON_TICKET_ROUTE_DETAIL (ROUTE_ID, ADTN_DEPR_NM, ADTN_ARVL_NM, ADTN_DEPR_CD, ADTN_ARVL_CD) VALUES ('010130', '안성한경', '서울경부', '010', '130');
INSERT INTO SEASON_TICKET_ROUTE_DETAIL (ROUTE_ID, ADTN_DEPR_NM, ADTN_ARVL_NM, ADTN_DEPR_CD, ADTN_ARVL_CD) VALUES ('010130', '안성대림', '서울경부', '010', '130');
INSERT INTO SEASON_TICKET_ROUTE_DETAIL (ROUTE_ID, ADTN_DEPR_NM, ADTN_ARVL_NM, ADTN_DEPR_CD, ADTN_ARVL_CD) VALUES ('010130', '안성회관', '서울경부', '010', '130');
INSERT INTO SEASON_TICKET_ROUTE_DETAIL (ROUTE_ID, ADTN_DEPR_NM, ADTN_ARVL_NM, ADTN_DEPR_CD, ADTN_ARVL_CD) VALUES ('010140', '서울경부', '여주대', '010', '140');
INSERT INTO SEASON_TICKET_ROUTE_DETAIL (ROUTE_ID, ADTN_DEPR_NM, ADTN_ARVL_NM, ADTN_DEPR_CD, ADTN_ARVL_CD) VALUES ('010140', '서울경부', '여주', '010', '140');
INSERT INTO SEASON_TICKET_ROUTE_DETAIL (ROUTE_ID, ADTN_DEPR_NM, ADTN_ARVL_NM, ADTN_DEPR_CD, ADTN_ARVL_CD) VALUES ('010140', '여주대', '서울경부', '010', '140');
INSERT INTO SEASON_TICKET_ROUTE_DETAIL (ROUTE_ID, ADTN_DEPR_NM, ADTN_ARVL_NM, ADTN_DEPR_CD, ADTN_ARVL_CD) VALUES ('010140', '여주', '서울경부', '010', '140');
INSERT INTO SEASON_TICKET_ROUTE_DETAIL (ROUTE_ID, ADTN_DEPR_NM, ADTN_ARVL_NM, ADTN_DEPR_CD, ADTN_ARVL_CD) VALUES ('010160', '서울경부', '이천', '010', '160');
INSERT INTO SEASON_TICKET_ROUTE_DETAIL (ROUTE_ID, ADTN_DEPR_NM, ADTN_ARVL_NM, ADTN_DEPR_CD, ADTN_ARVL_CD) VALUES ('010160', '서울경부', '이천부발(신하리)', '010', '160');
INSERT INTO SEASON_TICKET_ROUTE_DETAIL (ROUTE_ID, ADTN_DEPR_NM, ADTN_ARVL_NM, ADTN_DEPR_CD, ADTN_ARVL_CD) VALUES ('010160', '이천', '서울경부', '010', '160');
INSERT INTO SEASON_TICKET_ROUTE_DETAIL (ROUTE_ID, ADTN_DEPR_NM, ADTN_ARVL_NM, ADTN_DEPR_CD, ADTN_ARVL_CD) VALUES ('010160', '이천부발(신하리)', '서울경부', '010', '160');
INSERT INTO SEASON_TICKET_ROUTE_DETAIL (ROUTE_ID, ADTN_DEPR_NM, ADTN_ARVL_NM, ADTN_DEPR_CD, ADTN_ARVL_CD) VALUES ('010174', '서울경부', '평택용이동', '010', '174');
INSERT INTO SEASON_TICKET_ROUTE_DETAIL (ROUTE_ID, ADTN_DEPR_NM, ADTN_ARVL_NM, ADTN_DEPR_CD, ADTN_ARVL_CD) VALUES ('010174', '평택용이동', '서울경부', '010', '174');
INSERT INTO SEASON_TICKET_ROUTE_DETAIL (ROUTE_ID, ADTN_DEPR_NM, ADTN_ARVL_NM, ADTN_DEPR_CD, ADTN_ARVL_CD) VALUES ('010175', '서울경부', '평택용이동', '010', '175');
INSERT INTO SEASON_TICKET_ROUTE_DETAIL (ROUTE_ID, ADTN_DEPR_NM, ADTN_ARVL_NM, ADTN_DEPR_CD, ADTN_ARVL_CD) VALUES ('010175', '서울경부', '평택대', '010', '175');
INSERT INTO SEASON_TICKET_ROUTE_DETAIL (ROUTE_ID, ADTN_DEPR_NM, ADTN_ARVL_NM, ADTN_DEPR_CD, ADTN_ARVL_CD) VALUES ('010175', '평택용이동', '서울경부', '010', '175');
INSERT INTO SEASON_TICKET_ROUTE_DETAIL (ROUTE_ID, ADTN_DEPR_NM, ADTN_ARVL_NM, ADTN_DEPR_CD, ADTN_ARVL_CD) VALUES ('010175', '평택대', '서울경부', '010', '175');
INSERT INTO SEASON_TICKET_ROUTE_DETAIL (ROUTE_ID, ADTN_DEPR_NM, ADTN_ARVL_NM, ADTN_DEPR_CD, ADTN_ARVL_CD) VALUES ('010177', '서울경부', '평택용이동', '010', '177');
INSERT INTO SEASON_TICKET_ROUTE_DETAIL (ROUTE_ID, ADTN_DEPR_NM, ADTN_ARVL_NM, ADTN_DEPR_CD, ADTN_ARVL_CD) VALUES ('010177', '서울경부', '평택대', '010', '177');
INSERT INTO SEASON_TICKET_ROUTE_DETAIL (ROUTE_ID, ADTN_DEPR_NM, ADTN_ARVL_NM, ADTN_DEPR_CD, ADTN_ARVL_CD) VALUES ('010177', '서울경부', '안중오거리', '010', '177');
INSERT INTO SEASON_TICKET_ROUTE_DETAIL (ROUTE_ID, ADTN_DEPR_NM, ADTN_ARVL_NM, ADTN_DEPR_CD, ADTN_ARVL_CD) VALUES ('010177', '서울경부', '안중', '010', '177');
INSERT INTO SEASON_TICKET_ROUTE_DETAIL (ROUTE_ID, ADTN_DEPR_NM, ADTN_ARVL_NM, ADTN_DEPR_CD, ADTN_ARVL_CD) VALUES ('010177', '서울경부', '평택', '010', '177');
INSERT INTO SEASON_TICKET_ROUTE_DETAIL (ROUTE_ID, ADTN_DEPR_NM, ADTN_ARVL_NM, ADTN_DEPR_CD, ADTN_ARVL_CD) VALUES ('010177', '평택용이동', '서울경부', '010', '177');
INSERT INTO SEASON_TICKET_ROUTE_DETAIL (ROUTE_ID, ADTN_DEPR_NM, ADTN_ARVL_NM, ADTN_DEPR_CD, ADTN_ARVL_CD) VALUES ('010177', '평택대', '서울경부', '010', '177');
INSERT INTO SEASON_TICKET_ROUTE_DETAIL (ROUTE_ID, ADTN_DEPR_NM, ADTN_ARVL_NM, ADTN_DEPR_CD, ADTN_ARVL_CD) VALUES ('010177', '안중오거리', '서울경부', '010', '177');
INSERT INTO SEASON_TICKET_ROUTE_DETAIL (ROUTE_ID, ADTN_DEPR_NM, ADTN_ARVL_NM, ADTN_DEPR_CD, ADTN_ARVL_CD) VALUES ('010177', '안중', '서울경부', '010', '177');
INSERT INTO SEASON_TICKET_ROUTE_DETAIL (ROUTE_ID, ADTN_DEPR_NM, ADTN_ARVL_NM, ADTN_DEPR_CD, ADTN_ARVL_CD) VALUES ('010177', '평택', '서울경부', '010', '177');
INSERT INTO SEASON_TICKET_ROUTE_DETAIL (ROUTE_ID, ADTN_DEPR_NM, ADTN_ARVL_NM, ADTN_DEPR_CD, ADTN_ARVL_CD) VALUES ('010180', '서울경부', '평택용이동', '010', '180');
INSERT INTO SEASON_TICKET_ROUTE_DETAIL (ROUTE_ID, ADTN_DEPR_NM, ADTN_ARVL_NM, ADTN_DEPR_CD, ADTN_ARVL_CD) VALUES ('010180', '서울경부', '평택대', '010', '180');
INSERT INTO SEASON_TICKET_ROUTE_DETAIL (ROUTE_ID, ADTN_DEPR_NM, ADTN_ARVL_NM, ADTN_DEPR_CD, ADTN_ARVL_CD) VALUES ('010180', '서울경부', '평택', '010', '180');
INSERT INTO SEASON_TICKET_ROUTE_DETAIL (ROUTE_ID, ADTN_DEPR_NM, ADTN_ARVL_NM, ADTN_DEPR_CD, ADTN_ARVL_CD) VALUES ('010180', '평택용이동', '서울경부', '010', '180');
INSERT INTO SEASON_TICKET_ROUTE_DETAIL (ROUTE_ID, ADTN_DEPR_NM, ADTN_ARVL_NM, ADTN_DEPR_CD, ADTN_ARVL_CD) VALUES ('010180', '평택대', '서울경부', '010', '180');
INSERT INTO SEASON_TICKET_ROUTE_DETAIL (ROUTE_ID, ADTN_DEPR_NM, ADTN_ARVL_NM, ADTN_DEPR_CD, ADTN_ARVL_CD) VALUES ('010180', '평택', '서울경부', '010', '180');
INSERT INTO SEASON_TICKET_ROUTE_DETAIL (ROUTE_ID, ADTN_DEPR_NM, ADTN_ARVL_NM, ADTN_DEPR_CD, ADTN_ARVL_CD) VALUES ('010300', '서울경부', '대전복합', '010', '300');
INSERT INTO SEASON_TICKET_ROUTE_DETAIL (ROUTE_ID, ADTN_DEPR_NM, ADTN_ARVL_NM, ADTN_DEPR_CD, ADTN_ARVL_CD) VALUES ('010300', '대전복합', '서울경부', '010', '300');
INSERT INTO SEASON_TICKET_ROUTE_DETAIL (ROUTE_ID, ADTN_DEPR_NM, ADTN_ARVL_NM, ADTN_DEPR_CD, ADTN_ARVL_CD) VALUES ('010305', '서울경부', '대전청사(샘머리)', '010', '305');
INSERT INTO SEASON_TICKET_ROUTE_DETAIL (ROUTE_ID, ADTN_DEPR_NM, ADTN_ARVL_NM, ADTN_DEPR_CD, ADTN_ARVL_CD) VALUES ('010305', '서울경부', '대전도룡', '010', '305');
INSERT INTO SEASON_TICKET_ROUTE_DETAIL (ROUTE_ID, ADTN_DEPR_NM, ADTN_ARVL_NM, ADTN_DEPR_CD, ADTN_ARVL_CD) VALUES ('010305', '대전청사(샘머리)', '서울경부', '010', '305');
INSERT INTO SEASON_TICKET_ROUTE_DETAIL (ROUTE_ID, ADTN_DEPR_NM, ADTN_ARVL_NM, ADTN_DEPR_CD, ADTN_ARVL_CD) VALUES ('010305', '대전도룡', '서울경부', '010', '305');
INSERT INTO SEASON_TICKET_ROUTE_DETAIL (ROUTE_ID, ADTN_DEPR_NM, ADTN_ARVL_NM, ADTN_DEPR_CD, ADTN_ARVL_CD) VALUES ('010310', '서울경부', '천안', '010', '310');
INSERT INTO SEASON_TICKET_ROUTE_DETAIL (ROUTE_ID, ADTN_DEPR_NM, ADTN_ARVL_NM, ADTN_DEPR_CD, ADTN_ARVL_CD) VALUES ('010310', '천안', '서울경부', '010', '310');
INSERT INTO SEASON_TICKET_ROUTE_DETAIL (ROUTE_ID, ADTN_DEPR_NM, ADTN_ARVL_NM, ADTN_DEPR_CD, ADTN_ARVL_CD) VALUES ('010340', '서울경부', '배방정류소', '010', '340');
INSERT INTO SEASON_TICKET_ROUTE_DETAIL (ROUTE_ID, ADTN_DEPR_NM, ADTN_ARVL_NM, ADTN_DEPR_CD, ADTN_ARVL_CD) VALUES ('010340', '서울경부', '아산테크노밸리', '010', '340');
INSERT INTO SEASON_TICKET_ROUTE_DETAIL (ROUTE_ID, ADTN_DEPR_NM, ADTN_ARVL_NM, ADTN_DEPR_CD, ADTN_ARVL_CD) VALUES ('010340', '서울경부', '아산온양', '010', '340');
INSERT INTO SEASON_TICKET_ROUTE_DETAIL (ROUTE_ID, ADTN_DEPR_NM, ADTN_ARVL_NM, ADTN_DEPR_CD, ADTN_ARVL_CD) VALUES ('010340', '서울경부', '아산서부(호서대)', '010', '340');
INSERT INTO SEASON_TICKET_ROUTE_DETAIL (ROUTE_ID, ADTN_DEPR_NM, ADTN_ARVL_NM, ADTN_DEPR_CD, ADTN_ARVL_CD) VALUES ('010340', '서울경부', '천안아산역', '010', '340');
INSERT INTO SEASON_TICKET_ROUTE_DETAIL (ROUTE_ID, ADTN_DEPR_NM, ADTN_ARVL_NM, ADTN_DEPR_CD, ADTN_ARVL_CD) VALUES ('010340', '서울경부', '아산둔포', '010', '340');
INSERT INTO SEASON_TICKET_ROUTE_DETAIL (ROUTE_ID, ADTN_DEPR_NM, ADTN_ARVL_NM, ADTN_DEPR_CD, ADTN_ARVL_CD) VALUES ('010340', '배방정류소', '서울경부', '010', '340');
INSERT INTO SEASON_TICKET_ROUTE_DETAIL (ROUTE_ID, ADTN_DEPR_NM, ADTN_ARVL_NM, ADTN_DEPR_CD, ADTN_ARVL_CD) VALUES ('010340', '아산테크노밸리', '서울경부', '010', '340');
INSERT INTO SEASON_TICKET_ROUTE_DETAIL (ROUTE_ID, ADTN_DEPR_NM, ADTN_ARVL_NM, ADTN_DEPR_CD, ADTN_ARVL_CD) VALUES ('010340', '아산온양', '서울경부', '010', '340');
INSERT INTO SEASON_TICKET_ROUTE_DETAIL (ROUTE_ID, ADTN_DEPR_NM, ADTN_ARVL_NM, ADTN_DEPR_CD, ADTN_ARVL_CD) VALUES ('010340', '아산서부(호서대)', '서울경부', '010', '340');
INSERT INTO SEASON_TICKET_ROUTE_DETAIL (ROUTE_ID, ADTN_DEPR_NM, ADTN_ARVL_NM, ADTN_DEPR_CD, ADTN_ARVL_CD) VALUES ('010340', '천안아산역', '서울경부', '010', '340');
INSERT INTO SEASON_TICKET_ROUTE_DETAIL (ROUTE_ID, ADTN_DEPR_NM, ADTN_ARVL_NM, ADTN_DEPR_CD, ADTN_ARVL_CD) VALUES ('010340', '아산둔포', '서울경부', '010', '340');
INSERT INTO SEASON_TICKET_ROUTE_DETAIL (ROUTE_ID, ADTN_DEPR_NM, ADTN_ARVL_NM, ADTN_DEPR_CD, ADTN_ARVL_CD) VALUES ('010343', '서울경부', '천안아산역', '010', '343');
INSERT INTO SEASON_TICKET_ROUTE_DETAIL (ROUTE_ID, ADTN_DEPR_NM, ADTN_ARVL_NM, ADTN_DEPR_CD, ADTN_ARVL_CD) VALUES ('010343', '천안아산역', '서울경부', '010', '343');
INSERT INTO SEASON_TICKET_ROUTE_DETAIL (ROUTE_ID, ADTN_DEPR_NM, ADTN_ARVL_NM, ADTN_DEPR_CD, ADTN_ARVL_CD) VALUES ('010344', '서울경부', '아산테크노밸리', '010', '344');
INSERT INTO SEASON_TICKET_ROUTE_DETAIL (ROUTE_ID, ADTN_DEPR_NM, ADTN_ARVL_NM, ADTN_DEPR_CD, ADTN_ARVL_CD) VALUES ('010344', '서울경부', '아산둔포', '010', '344');
INSERT INTO SEASON_TICKET_ROUTE_DETAIL (ROUTE_ID, ADTN_DEPR_NM, ADTN_ARVL_NM, ADTN_DEPR_CD, ADTN_ARVL_CD) VALUES ('010344', '아산테크노밸리', '서울경부', '010', '344');
INSERT INTO SEASON_TICKET_ROUTE_DETAIL (ROUTE_ID, ADTN_DEPR_NM, ADTN_ARVL_NM, ADTN_DEPR_CD, ADTN_ARVL_CD) VALUES ('010344', '아산둔포', '서울경부', '010', '344');
INSERT INTO SEASON_TICKET_ROUTE_DETAIL (ROUTE_ID, ADTN_DEPR_NM, ADTN_ARVL_NM, ADTN_DEPR_CD, ADTN_ARVL_CD) VALUES ('010346', '서울경부', '천안3공단', '010', '346');
INSERT INTO SEASON_TICKET_ROUTE_DETAIL (ROUTE_ID, ADTN_DEPR_NM, ADTN_ARVL_NM, ADTN_DEPR_CD, ADTN_ARVL_CD) VALUES ('010346', '천안3공단', '서울경부', '010', '346');
INSERT INTO SEASON_TICKET_ROUTE_DETAIL (ROUTE_ID, ADTN_DEPR_NM, ADTN_ARVL_NM, ADTN_DEPR_CD, ADTN_ARVL_CD) VALUES ('010347', '서울경부', '천안아산역', '010', '347');
INSERT INTO SEASON_TICKET_ROUTE_DETAIL (ROUTE_ID, ADTN_DEPR_NM, ADTN_ARVL_NM, ADTN_DEPR_CD, ADTN_ARVL_CD) VALUES ('010347', '서울경부', '천안3공단', '010', '347');
INSERT INTO SEASON_TICKET_ROUTE_DETAIL (ROUTE_ID, ADTN_DEPR_NM, ADTN_ARVL_NM, ADTN_DEPR_CD, ADTN_ARVL_CD) VALUES ('010347', '서울경부', '선문대', '010', '347');
INSERT INTO SEASON_TICKET_ROUTE_DETAIL (ROUTE_ID, ADTN_DEPR_NM, ADTN_ARVL_NM, ADTN_DEPR_CD, ADTN_ARVL_CD) VALUES ('010347', '천안아산역', '서울경부', '010', '347');
INSERT INTO SEASON_TICKET_ROUTE_DETAIL (ROUTE_ID, ADTN_DEPR_NM, ADTN_ARVL_NM, ADTN_DEPR_CD, ADTN_ARVL_CD) VALUES ('010347', '천안3공단', '서울경부', '010', '347');
INSERT INTO SEASON_TICKET_ROUTE_DETAIL (ROUTE_ID, ADTN_DEPR_NM, ADTN_ARVL_NM, ADTN_DEPR_CD, ADTN_ARVL_CD) VALUES ('010347', '선문대', '서울경부', '010', '347');
INSERT INTO SEASON_TICKET_ROUTE_DETAIL (ROUTE_ID, ADTN_DEPR_NM, ADTN_ARVL_NM, ADTN_DEPR_CD, ADTN_ARVL_CD) VALUES ('010349', '서울경부', '아산탕정사무소', '010', '349');
INSERT INTO SEASON_TICKET_ROUTE_DETAIL (ROUTE_ID, ADTN_DEPR_NM, ADTN_ARVL_NM, ADTN_DEPR_CD, ADTN_ARVL_CD) VALUES ('010349', '서울경부', '천안아산역', '010', '349');
INSERT INTO SEASON_TICKET_ROUTE_DETAIL (ROUTE_ID, ADTN_DEPR_NM, ADTN_ARVL_NM, ADTN_DEPR_CD, ADTN_ARVL_CD) VALUES ('010349', '서울경부', '천안3공단', '010', '349');
INSERT INTO SEASON_TICKET_ROUTE_DETAIL (ROUTE_ID, ADTN_DEPR_NM, ADTN_ARVL_NM, ADTN_DEPR_CD, ADTN_ARVL_CD) VALUES ('010349', '서울경부', '선문대', '010', '349');
INSERT INTO SEASON_TICKET_ROUTE_DETAIL (ROUTE_ID, ADTN_DEPR_NM, ADTN_ARVL_NM, ADTN_DEPR_CD, ADTN_ARVL_CD) VALUES ('010349', '서울경부', '탕정삼성LCD', '010', '349');
INSERT INTO SEASON_TICKET_ROUTE_DETAIL (ROUTE_ID, ADTN_DEPR_NM, ADTN_ARVL_NM, ADTN_DEPR_CD, ADTN_ARVL_CD) VALUES ('010349', '아산탕정사무소', '서울경부', '010', '349');
INSERT INTO SEASON_TICKET_ROUTE_DETAIL (ROUTE_ID, ADTN_DEPR_NM, ADTN_ARVL_NM, ADTN_DEPR_CD, ADTN_ARVL_CD) VALUES ('010349', '천안아산역', '서울경부', '010', '349');
INSERT INTO SEASON_TICKET_ROUTE_DETAIL (ROUTE_ID, ADTN_DEPR_NM, ADTN_ARVL_NM, ADTN_DEPR_CD, ADTN_ARVL_CD) VALUES ('010349', '천안3공단', '서울경부', '010', '349');
INSERT INTO SEASON_TICKET_ROUTE_DETAIL (ROUTE_ID, ADTN_DEPR_NM, ADTN_ARVL_NM, ADTN_DEPR_CD, ADTN_ARVL_CD) VALUES ('010349', '선문대', '서울경부', '010', '349');
INSERT INTO SEASON_TICKET_ROUTE_DETAIL (ROUTE_ID, ADTN_DEPR_NM, ADTN_ARVL_NM, ADTN_DEPR_CD, ADTN_ARVL_CD) VALUES ('010349', '탕정삼성LCD', '서울경부', '010', '349');
INSERT INTO SEASON_TICKET_ROUTE_DETAIL (ROUTE_ID, ADTN_DEPR_NM, ADTN_ARVL_NM, ADTN_DEPR_CD, ADTN_ARVL_CD) VALUES ('010352', '서울경부', '세종터미널', '010', '352');
INSERT INTO SEASON_TICKET_ROUTE_DETAIL (ROUTE_ID, ADTN_DEPR_NM, ADTN_ARVL_NM, ADTN_DEPR_CD, ADTN_ARVL_CD) VALUES ('010352', '서울경부', '세종청사', '010', '352');
INSERT INTO SEASON_TICKET_ROUTE_DETAIL (ROUTE_ID, ADTN_DEPR_NM, ADTN_ARVL_NM, ADTN_DEPR_CD, ADTN_ARVL_CD) VALUES ('010352', '세종터미널', '서울경부', '010', '352');
INSERT INTO SEASON_TICKET_ROUTE_DETAIL (ROUTE_ID, ADTN_DEPR_NM, ADTN_ARVL_NM, ADTN_DEPR_CD, ADTN_ARVL_CD) VALUES ('010352', '세종청사', '서울경부', '010', '352');
INSERT INTO SEASON_TICKET_ROUTE_DETAIL (ROUTE_ID, ADTN_DEPR_NM, ADTN_ARVL_NM, ADTN_DEPR_CD, ADTN_ARVL_CD) VALUES ('010353', '서울경부', '세종청사', '010', '353');
INSERT INTO SEASON_TICKET_ROUTE_DETAIL (ROUTE_ID, ADTN_DEPR_NM, ADTN_ARVL_NM, ADTN_DEPR_CD, ADTN_ARVL_CD) VALUES ('010353', '세종청사', '서울경부', '010', '353');
INSERT INTO SEASON_TICKET_ROUTE_DETAIL (ROUTE_ID, ADTN_DEPR_NM, ADTN_ARVL_NM, ADTN_DEPR_CD, ADTN_ARVL_CD) VALUES ('010362', '서울경부', '세종연구단지', '010', '362');
INSERT INTO SEASON_TICKET_ROUTE_DETAIL (ROUTE_ID, ADTN_DEPR_NM, ADTN_ARVL_NM, ADTN_DEPR_CD, ADTN_ARVL_CD) VALUES ('010362', '서울경부', '세종국무조정실', '010', '362');
INSERT INTO SEASON_TICKET_ROUTE_DETAIL (ROUTE_ID, ADTN_DEPR_NM, ADTN_ARVL_NM, ADTN_DEPR_CD, ADTN_ARVL_CD) VALUES ('010362', '서울경부', '세종시청', '010', '362');
INSERT INTO SEASON_TICKET_ROUTE_DETAIL (ROUTE_ID, ADTN_DEPR_NM, ADTN_ARVL_NM, ADTN_DEPR_CD, ADTN_ARVL_CD) VALUES ('010362', '세종연구단지', '서울경부', '010', '362');
INSERT INTO SEASON_TICKET_ROUTE_DETAIL (ROUTE_ID, ADTN_DEPR_NM, ADTN_ARVL_NM, ADTN_DEPR_CD, ADTN_ARVL_CD) VALUES ('010362', '세종국무조정실', '서울경부', '010', '362');
INSERT INTO SEASON_TICKET_ROUTE_DETAIL (ROUTE_ID, ADTN_DEPR_NM, ADTN_ARVL_NM, ADTN_DEPR_CD, ADTN_ARVL_CD) VALUES ('010362', '세종시청', '서울경부', '010', '362');
INSERT INTO SEASON_TICKET_ROUTE_DETAIL (ROUTE_ID, ADTN_DEPR_NM, ADTN_ARVL_NM, ADTN_DEPR_CD, ADTN_ARVL_CD) VALUES ('010400', '서울경부', '청주고속터미널', '010', '400');
INSERT INTO SEASON_TICKET_ROUTE_DETAIL (ROUTE_ID, ADTN_DEPR_NM, ADTN_ARVL_NM, ADTN_DEPR_CD, ADTN_ARVL_CD) VALUES ('010400', '청주고속터미널', '서울경부', '010', '400');
INSERT INTO SEASON_TICKET_ROUTE_DETAIL (ROUTE_ID, ADTN_DEPR_NM, ADTN_ARVL_NM, ADTN_DEPR_CD, ADTN_ARVL_CD) VALUES ('100310', '인천', '천안', '100', '310');
INSERT INTO SEASON_TICKET_ROUTE_DETAIL (ROUTE_ID, ADTN_DEPR_NM, ADTN_ARVL_NM, ADTN_DEPR_CD, ADTN_ARVL_CD) VALUES ('100310', '천안', '인천', '100', '310');
INSERT INTO SEASON_TICKET_ROUTE_DETAIL (ROUTE_ID, ADTN_DEPR_NM, ADTN_ARVL_NM, ADTN_DEPR_CD, ADTN_ARVL_CD) VALUES ('100340', '인천', '천안', '100', '340');
INSERT INTO SEASON_TICKET_ROUTE_DETAIL (ROUTE_ID, ADTN_DEPR_NM, ADTN_ARVL_NM, ADTN_DEPR_CD, ADTN_ARVL_CD) VALUES ('100340', '인천', '배방정류소', '100', '340');
INSERT INTO SEASON_TICKET_ROUTE_DETAIL (ROUTE_ID, ADTN_DEPR_NM, ADTN_ARVL_NM, ADTN_DEPR_CD, ADTN_ARVL_CD) VALUES ('100340', '인천', '아산온양', '100', '340');
INSERT INTO SEASON_TICKET_ROUTE_DETAIL (ROUTE_ID, ADTN_DEPR_NM, ADTN_ARVL_NM, ADTN_DEPR_CD, ADTN_ARVL_CD) VALUES ('100340', '인천', '아산서부(호서대)', '100', '340');
INSERT INTO SEASON_TICKET_ROUTE_DETAIL (ROUTE_ID, ADTN_DEPR_NM, ADTN_ARVL_NM, ADTN_DEPR_CD, ADTN_ARVL_CD) VALUES ('100340', '인천', '천안아산역', '100', '340');
INSERT INTO SEASON_TICKET_ROUTE_DETAIL (ROUTE_ID, ADTN_DEPR_NM, ADTN_ARVL_NM, ADTN_DEPR_CD, ADTN_ARVL_CD) VALUES ('100340', '천안', '인천', '100', '340');
INSERT INTO SEASON_TICKET_ROUTE_DETAIL (ROUTE_ID, ADTN_DEPR_NM, ADTN_ARVL_NM, ADTN_DEPR_CD, ADTN_ARVL_CD) VALUES ('100340', '배방정류소', '인천', '100', '340');
INSERT INTO SEASON_TICKET_ROUTE_DETAIL (ROUTE_ID, ADTN_DEPR_NM, ADTN_ARVL_NM, ADTN_DEPR_CD, ADTN_ARVL_CD) VALUES ('100340', '아산온양', '인천', '100', '340');
INSERT INTO SEASON_TICKET_ROUTE_DETAIL (ROUTE_ID, ADTN_DEPR_NM, ADTN_ARVL_NM, ADTN_DEPR_CD, ADTN_ARVL_CD) VALUES ('100340', '아산서부(호서대)', '인천', '100', '340');
INSERT INTO SEASON_TICKET_ROUTE_DETAIL (ROUTE_ID, ADTN_DEPR_NM, ADTN_ARVL_NM, ADTN_DEPR_CD, ADTN_ARVL_CD) VALUES ('100340', '천안아산역', '인천', '100', '340');
INSERT INTO SEASON_TICKET_ROUTE_DETAIL (ROUTE_ID, ADTN_DEPR_NM, ADTN_ARVL_NM, ADTN_DEPR_CD, ADTN_ARVL_CD) VALUES ('100343', '인천', '천안', '100', '343');
INSERT INTO SEASON_TICKET_ROUTE_DETAIL (ROUTE_ID, ADTN_DEPR_NM, ADTN_ARVL_NM, ADTN_DEPR_CD, ADTN_ARVL_CD) VALUES ('100343', '인천', '천안아산역', '100', '343');
INSERT INTO SEASON_TICKET_ROUTE_DETAIL (ROUTE_ID, ADTN_DEPR_NM, ADTN_ARVL_NM, ADTN_DEPR_CD, ADTN_ARVL_CD) VALUES ('100343', '천안', '인천', '100', '343');
INSERT INTO SEASON_TICKET_ROUTE_DETAIL (ROUTE_ID, ADTN_DEPR_NM, ADTN_ARVL_NM, ADTN_DEPR_CD, ADTN_ARVL_CD) VALUES ('100343', '천안아산역', '인천', '100', '343');
INSERT INTO SEASON_TICKET_ROUTE_DETAIL (ROUTE_ID, ADTN_DEPR_NM, ADTN_ARVL_NM, ADTN_DEPR_CD, ADTN_ARVL_CD) VALUES ('118343', '죽전', '천안아산역', '118', '343');
INSERT INTO SEASON_TICKET_ROUTE_DETAIL (ROUTE_ID, ADTN_DEPR_NM, ADTN_ARVL_NM, ADTN_DEPR_CD, ADTN_ARVL_CD) VALUES ('118343', '죽전', '천안3공단', '118', '343');
INSERT INTO SEASON_TICKET_ROUTE_DETAIL (ROUTE_ID, ADTN_DEPR_NM, ADTN_ARVL_NM, ADTN_DEPR_CD, ADTN_ARVL_CD) VALUES ('118343', '천안아산역', '죽전', '118', '343');
INSERT INTO SEASON_TICKET_ROUTE_DETAIL (ROUTE_ID, ADTN_DEPR_NM, ADTN_ARVL_NM, ADTN_DEPR_CD, ADTN_ARVL_CD) VALUES ('118343', '천안3공단', '죽전', '118', '343');
INSERT INTO SEASON_TICKET_ROUTE_DETAIL (ROUTE_ID, ADTN_DEPR_NM, ADTN_ARVL_NM, ADTN_DEPR_CD, ADTN_ARVL_CD) VALUES ('118346', '죽전', '천안3공단', '118', '346');
INSERT INTO SEASON_TICKET_ROUTE_DETAIL (ROUTE_ID, ADTN_DEPR_NM, ADTN_ARVL_NM, ADTN_DEPR_CD, ADTN_ARVL_CD) VALUES ('118346', '천안3공단', '죽전', '118', '346');
INSERT INTO SEASON_TICKET_ROUTE_DETAIL (ROUTE_ID, ADTN_DEPR_NM, ADTN_ARVL_NM, ADTN_DEPR_CD, ADTN_ARVL_CD) VALUES ('118347', '죽전', '천안아산역', '118', '347');
INSERT INTO SEASON_TICKET_ROUTE_DETAIL (ROUTE_ID, ADTN_DEPR_NM, ADTN_ARVL_NM, ADTN_DEPR_CD, ADTN_ARVL_CD) VALUES ('118347', '죽전', '천안3공단', '118', '347');
INSERT INTO SEASON_TICKET_ROUTE_DETAIL (ROUTE_ID, ADTN_DEPR_NM, ADTN_ARVL_NM, ADTN_DEPR_CD, ADTN_ARVL_CD) VALUES ('118347', '죽전', '선문대', '118', '347');
INSERT INTO SEASON_TICKET_ROUTE_DETAIL (ROUTE_ID, ADTN_DEPR_NM, ADTN_ARVL_NM, ADTN_DEPR_CD, ADTN_ARVL_CD) VALUES ('118347', '천안아산역', '죽전', '118', '347');
INSERT INTO SEASON_TICKET_ROUTE_DETAIL (ROUTE_ID, ADTN_DEPR_NM, ADTN_ARVL_NM, ADTN_DEPR_CD, ADTN_ARVL_CD) VALUES ('118347', '천안3공단', '죽전', '118', '347');
INSERT INTO SEASON_TICKET_ROUTE_DETAIL (ROUTE_ID, ADTN_DEPR_NM, ADTN_ARVL_NM, ADTN_DEPR_CD, ADTN_ARVL_CD) VALUES ('118347', '선문대', '죽전', '118', '347');
INSERT INTO SEASON_TICKET_ROUTE_DETAIL (ROUTE_ID, ADTN_DEPR_NM, ADTN_ARVL_NM, ADTN_DEPR_CD, ADTN_ARVL_CD) VALUES ('118349', '죽전', '아산탕정사무소', '118', '349');
INSERT INTO SEASON_TICKET_ROUTE_DETAIL (ROUTE_ID, ADTN_DEPR_NM, ADTN_ARVL_NM, ADTN_DEPR_CD, ADTN_ARVL_CD) VALUES ('118349', '죽전', '천안아산역', '118', '349');
INSERT INTO SEASON_TICKET_ROUTE_DETAIL (ROUTE_ID, ADTN_DEPR_NM, ADTN_ARVL_NM, ADTN_DEPR_CD, ADTN_ARVL_CD) VALUES ('118349', '죽전', '천안3공단', '118', '349');
INSERT INTO SEASON_TICKET_ROUTE_DETAIL (ROUTE_ID, ADTN_DEPR_NM, ADTN_ARVL_NM, ADTN_DEPR_CD, ADTN_ARVL_CD) VALUES ('118349', '죽전', '선문대', '118', '349');
INSERT INTO SEASON_TICKET_ROUTE_DETAIL (ROUTE_ID, ADTN_DEPR_NM, ADTN_ARVL_NM, ADTN_DEPR_CD, ADTN_ARVL_CD) VALUES ('118349', '죽전', '탕정삼성LCD', '118', '349');
INSERT INTO SEASON_TICKET_ROUTE_DETAIL (ROUTE_ID, ADTN_DEPR_NM, ADTN_ARVL_NM, ADTN_DEPR_CD, ADTN_ARVL_CD) VALUES ('118349', '아산탕정사무소', '죽전', '118', '349');
INSERT INTO SEASON_TICKET_ROUTE_DETAIL (ROUTE_ID, ADTN_DEPR_NM, ADTN_ARVL_NM, ADTN_DEPR_CD, ADTN_ARVL_CD) VALUES ('118349', '천안아산역', '죽전', '118', '349');
INSERT INTO SEASON_TICKET_ROUTE_DETAIL (ROUTE_ID, ADTN_DEPR_NM, ADTN_ARVL_NM, ADTN_DEPR_CD, ADTN_ARVL_CD) VALUES ('118349', '천안3공단', '죽전', '118', '349');
INSERT INTO SEASON_TICKET_ROUTE_DETAIL (ROUTE_ID, ADTN_DEPR_NM, ADTN_ARVL_NM, ADTN_DEPR_CD, ADTN_ARVL_CD) VALUES ('118349', '선문대', '죽전', '118', '349');
INSERT INTO SEASON_TICKET_ROUTE_DETAIL (ROUTE_ID, ADTN_DEPR_NM, ADTN_ARVL_NM, ADTN_DEPR_CD, ADTN_ARVL_CD) VALUES ('118349', '탕정삼성LCD', '죽전', '118', '349');
INSERT INTO SEASON_TICKET_ROUTE_DETAIL (ROUTE_ID, ADTN_DEPR_NM, ADTN_ARVL_NM, ADTN_DEPR_CD, ADTN_ARVL_CD) VALUES ('119343', '신갈영덕(고속도로)', '천안아산역', '119', '343');
INSERT INTO SEASON_TICKET_ROUTE_DETAIL (ROUTE_ID, ADTN_DEPR_NM, ADTN_ARVL_NM, ADTN_DEPR_CD, ADTN_ARVL_CD) VALUES ('119343', '신갈영덕(고속도로)', '천안3공단', '119', '343');
INSERT INTO SEASON_TICKET_ROUTE_DETAIL (ROUTE_ID, ADTN_DEPR_NM, ADTN_ARVL_NM, ADTN_DEPR_CD, ADTN_ARVL_CD) VALUES ('119343', '천안아산역', '신갈영덕(고속도로)', '119', '343');
INSERT INTO SEASON_TICKET_ROUTE_DETAIL (ROUTE_ID, ADTN_DEPR_NM, ADTN_ARVL_NM, ADTN_DEPR_CD, ADTN_ARVL_CD) VALUES ('119343', '천안3공단', '신갈영덕(고속도로)', '119', '343');
INSERT INTO SEASON_TICKET_ROUTE_DETAIL (ROUTE_ID, ADTN_DEPR_NM, ADTN_ARVL_NM, ADTN_DEPR_CD, ADTN_ARVL_CD) VALUES ('119346', '신갈영덕(고속도로)', '천안3공단', '119', '346');
INSERT INTO SEASON_TICKET_ROUTE_DETAIL (ROUTE_ID, ADTN_DEPR_NM, ADTN_ARVL_NM, ADTN_DEPR_CD, ADTN_ARVL_CD) VALUES ('119346', '천안3공단', '신갈영덕(고속도로)', '119', '346');
INSERT INTO SEASON_TICKET_ROUTE_DETAIL (ROUTE_ID, ADTN_DEPR_NM, ADTN_ARVL_NM, ADTN_DEPR_CD, ADTN_ARVL_CD) VALUES ('119347', '신갈영덕(고속도로)', '천안아산역', '119', '347');
INSERT INTO SEASON_TICKET_ROUTE_DETAIL (ROUTE_ID, ADTN_DEPR_NM, ADTN_ARVL_NM, ADTN_DEPR_CD, ADTN_ARVL_CD) VALUES ('119347', '신갈영덕(고속도로)', '천안3공단', '119', '347');
INSERT INTO SEASON_TICKET_ROUTE_DETAIL (ROUTE_ID, ADTN_DEPR_NM, ADTN_ARVL_NM, ADTN_DEPR_CD, ADTN_ARVL_CD) VALUES ('119347', '신갈영덕(고속도로)', '선문대', '119', '347');
INSERT INTO SEASON_TICKET_ROUTE_DETAIL (ROUTE_ID, ADTN_DEPR_NM, ADTN_ARVL_NM, ADTN_DEPR_CD, ADTN_ARVL_CD) VALUES ('119347', '천안아산역', '신갈영덕(고속도로)', '119', '347');
INSERT INTO SEASON_TICKET_ROUTE_DETAIL (ROUTE_ID, ADTN_DEPR_NM, ADTN_ARVL_NM, ADTN_DEPR_CD, ADTN_ARVL_CD) VALUES ('119347', '천안3공단', '신갈영덕(고속도로)', '119', '347');
INSERT INTO SEASON_TICKET_ROUTE_DETAIL (ROUTE_ID, ADTN_DEPR_NM, ADTN_ARVL_NM, ADTN_DEPR_CD, ADTN_ARVL_CD) VALUES ('119347', '선문대', '신갈영덕(고속도로)', '119', '347');
INSERT INTO SEASON_TICKET_ROUTE_DETAIL (ROUTE_ID, ADTN_DEPR_NM, ADTN_ARVL_NM, ADTN_DEPR_CD, ADTN_ARVL_CD) VALUES ('119349', '신갈영덕(고속도로)', '아산탕정사무소', '119', '349');
INSERT INTO SEASON_TICKET_ROUTE_DETAIL (ROUTE_ID, ADTN_DEPR_NM, ADTN_ARVL_NM, ADTN_DEPR_CD, ADTN_ARVL_CD) VALUES ('119349', '신갈영덕(고속도로)', '천안아산역', '119', '349');
INSERT INTO SEASON_TICKET_ROUTE_DETAIL (ROUTE_ID, ADTN_DEPR_NM, ADTN_ARVL_NM, ADTN_DEPR_CD, ADTN_ARVL_CD) VALUES ('119349', '신갈영덕(고속도로)', '천안3공단', '119', '349');
INSERT INTO SEASON_TICKET_ROUTE_DETAIL (ROUTE_ID, ADTN_DEPR_NM, ADTN_ARVL_NM, ADTN_DEPR_CD, ADTN_ARVL_CD) VALUES ('119349', '신갈영덕(고속도로)', '선문대', '119', '349');
INSERT INTO SEASON_TICKET_ROUTE_DETAIL (ROUTE_ID, ADTN_DEPR_NM, ADTN_ARVL_NM, ADTN_DEPR_CD, ADTN_ARVL_CD) VALUES ('119349', '신갈영덕(고속도로)', '탕정삼성LCD', '119', '349');
INSERT INTO SEASON_TICKET_ROUTE_DETAIL (ROUTE_ID, ADTN_DEPR_NM, ADTN_ARVL_NM, ADTN_DEPR_CD, ADTN_ARVL_CD) VALUES ('119349', '아산탕정사무소', '신갈영덕(고속도로)', '119', '349');
INSERT INTO SEASON_TICKET_ROUTE_DETAIL (ROUTE_ID, ADTN_DEPR_NM, ADTN_ARVL_NM, ADTN_DEPR_CD, ADTN_ARVL_CD) VALUES ('119349', '천안아산역', '신갈영덕(고속도로)', '119', '349');
INSERT INTO SEASON_TICKET_ROUTE_DETAIL (ROUTE_ID, ADTN_DEPR_NM, ADTN_ARVL_NM, ADTN_DEPR_CD, ADTN_ARVL_CD) VALUES ('119349', '천안3공단', '신갈영덕(고속도로)', '119', '349');
INSERT INTO SEASON_TICKET_ROUTE_DETAIL (ROUTE_ID, ADTN_DEPR_NM, ADTN_ARVL_NM, ADTN_DEPR_CD, ADTN_ARVL_CD) VALUES ('119349', '선문대', '신갈영덕(고속도로)', '119', '349');
INSERT INTO SEASON_TICKET_ROUTE_DETAIL (ROUTE_ID, ADTN_DEPR_NM, ADTN_ARVL_NM, ADTN_DEPR_CD, ADTN_ARVL_CD) VALUES ('119349', '탕정삼성LCD', '신갈영덕(고속도로)', '119', '349');
INSERT INTO SEASON_TICKET_ROUTE_DETAIL (ROUTE_ID, ADTN_DEPR_NM, ADTN_ARVL_NM, ADTN_DEPR_CD, ADTN_ARVL_CD) VALUES ('700801', '부산', '동대구', '700', '801');
INSERT INTO SEASON_TICKET_ROUTE_DETAIL (ROUTE_ID, ADTN_DEPR_NM, ADTN_ARVL_NM, ADTN_DEPR_CD, ADTN_ARVL_CD) VALUES ('700801', '부산', '대구용계', '700', '801');
INSERT INTO SEASON_TICKET_ROUTE_DETAIL (ROUTE_ID, ADTN_DEPR_NM, ADTN_ARVL_NM, ADTN_DEPR_CD, ADTN_ARVL_CD) VALUES ('700801', '동대구', '부산', '700', '801');
INSERT INTO SEASON_TICKET_ROUTE_DETAIL (ROUTE_ID, ADTN_DEPR_NM, ADTN_ARVL_NM, ADTN_DEPR_CD, ADTN_ARVL_CD) VALUES ('700801', '대구용계', '부산', '700', '801');


-- =====================================================================
-- 3. 정기권 옵션 정보 입력 (SEASON_TICKET_OPTION)
-- =====================================================================
-- 각 대표 노선(ROUTE_ID)에 대해 구매 가능한 옵션을 랜덤하게 조합하여 추가합니다.
-- ADTN_PRD_SNO는 트리거로 자동 생성되므로 INSERT 문에서 제외합니다.

-- ROUTE_ID: 010130 (서울경부 ↔ 안성) - 모든 옵션 제공
INSERT INTO SEASON_TICKET_OPTION (ROUTE_ID, ADTN_PRD_USE_CLS_CD, ADTN_PRD_USE_CLS_NM, ADTN_PRD_USE_PSB_DNO, ADTN_PRD_USE_NTKN_CD, ADTN_PRD_USE_NTKN_NM, WKD_WKE_NTKN_CD, WKD_WKE_NTKN_NM, PRICE) VALUES ('010130', '2', '고속, 심야고속', '5', '1', '임시', '1', '전일권(월 ~ 일)', 50000);
INSERT INTO SEASON_TICKET_OPTION (ROUTE_ID, ADTN_PRD_USE_CLS_CD, ADTN_PRD_USE_CLS_NM, ADTN_PRD_USE_PSB_DNO, ADTN_PRD_USE_NTKN_CD, ADTN_PRD_USE_NTKN_NM, WKD_WKE_NTKN_CD, WKD_WKE_NTKN_NM, PRICE) VALUES ('010130', '2', '고속, 심야고속', '20', '1', '임시', '1', '전일권(월 ~ 일)', 200000);
INSERT INTO SEASON_TICKET_OPTION (ROUTE_ID, ADTN_PRD_USE_CLS_CD, ADTN_PRD_USE_CLS_NM, ADTN_PRD_USE_PSB_DNO, ADTN_PRD_USE_NTKN_CD, ADTN_PRD_USE_NTKN_NM, WKD_WKE_NTKN_CD, WKD_WKE_NTKN_NM, PRICE) VALUES ('010130', '2', '고속, 심야고속', '30', '1', '임시', '1', '전일권(월 ~ 일)', 300000);
INSERT INTO SEASON_TICKET_OPTION (ROUTE_ID, ADTN_PRD_USE_CLS_CD, ADTN_PRD_USE_CLS_NM, ADTN_PRD_USE_PSB_DNO, ADTN_PRD_USE_NTKN_CD, ADTN_PRD_USE_NTKN_NM, WKD_WKE_NTKN_CD, WKD_WKE_NTKN_NM, PRICE) VALUES ('010130', '2', '고속, 심야고속', '5', '1', '임시', '3', '평일권(월 ~ 금)', 50000);
INSERT INTO SEASON_TICKET_OPTION (ROUTE_ID, ADTN_PRD_USE_CLS_CD, ADTN_PRD_USE_CLS_NM, ADTN_PRD_USE_PSB_DNO, ADTN_PRD_USE_NTKN_CD, ADTN_PRD_USE_NTKN_NM, WKD_WKE_NTKN_CD, WKD_WKE_NTKN_NM, PRICE) VALUES ('010130', '2', '고속, 심야고속', '20', '1', '임시', '3', '평일권(월 ~ 금)', 200000);
INSERT INTO SEASON_TICKET_OPTION (ROUTE_ID, ADTN_PRD_USE_CLS_CD, ADTN_PRD_USE_CLS_NM, ADTN_PRD_USE_PSB_DNO, ADTN_PRD_USE_NTKN_CD, ADTN_PRD_USE_NTKN_NM, WKD_WKE_NTKN_CD, WKD_WKE_NTKN_NM, PRICE) VALUES ('010130', '2', '고속, 심야고속', '30', '1', '임시', '3', '평일권(월 ~ 금)', 300000);
INSERT INTO SEASON_TICKET_OPTION (ROUTE_ID, ADTN_PRD_USE_CLS_CD, ADTN_PRD_USE_CLS_NM, ADTN_PRD_USE_PSB_DNO, ADTN_PRD_USE_NTKN_CD, ADTN_PRD_USE_NTKN_NM, WKD_WKE_NTKN_CD, WKD_WKE_NTKN_NM, PRICE) VALUES ('010130', '3', '전체등급(프리미엄 제외)', '5', '1', '임시', '1', '전일권(월 ~ 일)', 45000);
INSERT INTO SEASON_TICKET_OPTION (ROUTE_ID, ADTN_PRD_USE_CLS_CD, ADTN_PRD_USE_CLS_NM, ADTN_PRD_USE_PSB_DNO, ADTN_PRD_USE_NTKN_CD, ADTN_PRD_USE_NTKN_NM, WKD_WKE_NTKN_CD, WKD_WKE_NTKN_NM, PRICE) VALUES ('010130', '3', '전체등급(프리미엄 제외)', '20', '1', '임시', '1', '전일권(월 ~ 일)', 180000);
INSERT INTO SEASON_TICKET_OPTION (ROUTE_ID, ADTN_PRD_USE_CLS_CD, ADTN_PRD_USE_CLS_NM, ADTN_PRD_USE_PSB_DNO, ADTN_PRD_USE_NTKN_CD, ADTN_PRD_USE_NTKN_NM, WKD_WKE_NTKN_CD, WKD_WKE_NTKN_NM, PRICE) VALUES ('010130', '3', '전체등급(프리미엄 제외)', '30', '1', '임시', '1', '전일권(월 ~ 일)', 270000);
INSERT INTO SEASON_TICKET_OPTION (ROUTE_ID, ADTN_PRD_USE_CLS_CD, ADTN_PRD_USE_CLS_NM, ADTN_PRD_USE_PSB_DNO, ADTN_PRD_USE_NTKN_CD, ADTN_PRD_USE_NTKN_NM, WKD_WKE_NTKN_CD, WKD_WKE_NTKN_NM, PRICE) VALUES ('010130', '3', '전체등급(프리미엄 제외)', '5', '1', '임시', '3', '평일권(월 ~ 금)', 45000);
INSERT INTO SEASON_TICKET_OPTION (ROUTE_ID, ADTN_PRD_USE_CLS_CD, ADTN_PRD_USE_CLS_NM, ADTN_PRD_USE_PSB_DNO, ADTN_PRD_USE_NTKN_CD, ADTN_PRD_USE_NTKN_NM, WKD_WKE_NTKN_CD, WKD_WKE_NTKN_NM, PRICE) VALUES ('010130', '3', '전체등급(프리미엄 제외)', '20', '1', '임시', '3', '평일권(월 ~ 금)', 180000);
INSERT INTO SEASON_TICKET_OPTION (ROUTE_ID, ADTN_PRD_USE_CLS_CD, ADTN_PRD_USE_CLS_NM, ADTN_PRD_USE_PSB_DNO, ADTN_PRD_USE_NTKN_CD, ADTN_PRD_USE_NTKN_NM, WKD_WKE_NTKN_CD, WKD_WKE_NTKN_NM, PRICE) VALUES ('010130', '3', '전체등급(프리미엄 제외)', '30', '1', '임시', '3', '평일권(월 ~ 금)', 270000);

-- ROUTE_ID: 010140 (서울경부 ↔ 여주) - '고속, 심야고속' 등급만 제공
INSERT INTO SEASON_TICKET_OPTION (ROUTE_ID, ADTN_PRD_USE_CLS_CD, ADTN_PRD_USE_CLS_NM, ADTN_PRD_USE_PSB_DNO, ADTN_PRD_USE_NTKN_CD, ADTN_PRD_USE_NTKN_NM, WKD_WKE_NTKN_CD, WKD_WKE_NTKN_NM, PRICE) VALUES ('010140', '2', '고속, 심야고속', '5', '1', '임시', '1', '전일권(월 ~ 일)', 50000);
INSERT INTO SEASON_TICKET_OPTION (ROUTE_ID, ADTN_PRD_USE_CLS_CD, ADTN_PRD_USE_CLS_NM, ADTN_PRD_USE_PSB_DNO, ADTN_PRD_USE_NTKN_CD, ADTN_PRD_USE_NTKN_NM, WKD_WKE_NTKN_CD, WKD_WKE_NTKN_NM, PRICE) VALUES ('010140', '2', '고속, 심야고속', '20', '1', '임시', '1', '전일권(월 ~ 일)', 200000);
INSERT INTO SEASON_TICKET_OPTION (ROUTE_ID, ADTN_PRD_USE_CLS_CD, ADTN_PRD_USE_CLS_NM, ADTN_PRD_USE_PSB_DNO, ADTN_PRD_USE_NTKN_CD, ADTN_PRD_USE_NTKN_NM, WKD_WKE_NTKN_CD, WKD_WKE_NTKN_NM, PRICE) VALUES ('010140', '2', '고속, 심야고속', '30', '1', '임시', '1', '전일권(월 ~ 일)', 300000);
INSERT INTO SEASON_TICKET_OPTION (ROUTE_ID, ADTN_PRD_USE_CLS_CD, ADTN_PRD_USE_CLS_NM, ADTN_PRD_USE_PSB_DNO, ADTN_PRD_USE_NTKN_CD, ADTN_PRD_USE_NTKN_NM, WKD_WKE_NTKN_CD, WKD_WKE_NTKN_NM, PRICE) VALUES ('010140', '2', '고속, 심야고속', '5', '1', '임시', '3', '평일권(월 ~ 금)', 50000);
INSERT INTO SEASON_TICKET_OPTION (ROUTE_ID, ADTN_PRD_USE_CLS_CD, ADTN_PRD_USE_CLS_NM, ADTN_PRD_USE_PSB_DNO, ADTN_PRD_USE_NTKN_CD, ADTN_PRD_USE_NTKN_NM, WKD_WKE_NTKN_CD, WKD_WKE_NTKN_NM, PRICE) VALUES ('010140', '2', '고속, 심야고속', '20', '1', '임시', '3', '평일권(월 ~ 금)', 200000);
INSERT INTO SEASON_TICKET_OPTION (ROUTE_ID, ADTN_PRD_USE_CLS_CD, ADTN_PRD_USE_CLS_NM, ADTN_PRD_USE_PSB_DNO, ADTN_PRD_USE_NTKN_CD, ADTN_PRD_USE_NTKN_NM, WKD_WKE_NTKN_CD, WKD_WKE_NTKN_NM, PRICE) VALUES ('010140', '2', '고속, 심야고속', '30', '1', '임시', '3', '평일권(월 ~ 금)', 300000);

-- ROUTE_ID: 010160 (서울경부 ↔ 이천) - '전체등급(프리미엄 제외)' 등급만 제공
INSERT INTO SEASON_TICKET_OPTION (ROUTE_ID, ADTN_PRD_USE_CLS_CD, ADTN_PRD_USE_CLS_NM, ADTN_PRD_USE_PSB_DNO, ADTN_PRD_USE_NTKN_CD, ADTN_PRD_USE_NTKN_NM, WKD_WKE_NTKN_CD, WKD_WKE_NTKN_NM, PRICE) VALUES ('010160', '3', '전체등급(프리미엄 제외)', '5', '1', '임시', '1', '전일권(월 ~ 일)', 45000);
INSERT INTO SEASON_TICKET_OPTION (ROUTE_ID, ADTN_PRD_USE_CLS_CD, ADTN_PRD_USE_CLS_NM, ADTN_PRD_USE_PSB_DNO, ADTN_PRD_USE_NTKN_CD, ADTN_PRD_USE_NTKN_NM, WKD_WKE_NTKN_CD, WKD_WKE_NTKN_NM, PRICE) VALUES ('010160', '3', '전체등급(프리미엄 제외)', '20', '1', '임시', '1', '전일권(월 ~ 일)', 180000);
INSERT INTO SEASON_TICKET_OPTION (ROUTE_ID, ADTN_PRD_USE_CLS_CD, ADTN_PRD_USE_CLS_NM, ADTN_PRD_USE_PSB_DNO, ADTN_PRD_USE_NTKN_CD, ADTN_PRD_USE_NTKN_NM, WKD_WKE_NTKN_CD, WKD_WKE_NTKN_NM, PRICE) VALUES ('010160', '3', '전체등급(프리미엄 제외)', '30', '1', '임시', '1', '전일권(월 ~ 일)', 270000);
INSERT INTO SEASON_TICKET_OPTION (ROUTE_ID, ADTN_PRD_USE_CLS_CD, ADTN_PRD_USE_CLS_NM, ADTN_PRD_USE_PSB_DNO, ADTN_PRD_USE_NTKN_CD, ADTN_PRD_USE_NTKN_NM, WKD_WKE_NTKN_CD, WKD_WKE_NTKN_NM, PRICE) VALUES ('010160', '3', '전체등급(프리미엄 제외)', '5', '1', '임시', '3', '평일권(월 ~ 금)', 45000);
INSERT INTO SEASON_TICKET_OPTION (ROUTE_ID, ADTN_PRD_USE_CLS_CD, ADTN_PRD_USE_CLS_NM, ADTN_PRD_USE_PSB_DNO, ADTN_PRD_USE_NTKN_CD, ADTN_PRD_USE_NTKN_NM, WKD_WKE_NTKN_CD, WKD_WKE_NTKN_NM, PRICE) VALUES ('010160', '3', '전체등급(프리미엄 제외)', '20', '1', '임시', '3', '평일권(월 ~ 금)', 180000);
INSERT INTO SEASON_TICKET_OPTION (ROUTE_ID, ADTN_PRD_USE_CLS_CD, ADTN_PRD_USE_CLS_NM, ADTN_PRD_USE_PSB_DNO, ADTN_PRD_USE_NTKN_CD, ADTN_PRD_USE_NTKN_NM, WKD_WKE_NTKN_CD, WKD_WKE_NTKN_NM, PRICE) VALUES ('010160', '3', '전체등급(프리미엄 제외)', '30', '1', '임시', '3', '평일권(월 ~ 금)', 270000);

-- ROUTE_ID: 010177 (서울경부 ↔ 평택/안중) - 전일권 옵션만 제공
INSERT INTO SEASON_TICKET_OPTION (ROUTE_ID, ADTN_PRD_USE_CLS_CD, ADTN_PRD_USE_CLS_NM, ADTN_PRD_USE_PSB_DNO, ADTN_PRD_USE_NTKN_CD, ADTN_PRD_USE_NTKN_NM, WKD_WKE_NTKN_CD, WKD_WKE_NTKN_NM, PRICE) VALUES ('010177', '2', '고속, 심야고속', '5', '1', '임시', '1', '전일권(월 ~ 일)', 50000);
INSERT INTO SEASON_TICKET_OPTION (ROUTE_ID, ADTN_PRD_USE_CLS_CD, ADTN_PRD_USE_CLS_NM, ADTN_PRD_USE_PSB_DNO, ADTN_PRD_USE_NTKN_CD, ADTN_PRD_USE_NTKN_NM, WKD_WKE_NTKN_CD, WKD_WKE_NTKN_NM, PRICE) VALUES ('010177', '2', '고속, 심야고속', '20', '1', '임시', '1', '전일권(월 ~ 일)', 200000);
INSERT INTO SEASON_TICKET_OPTION (ROUTE_ID, ADTN_PRD_USE_CLS_CD, ADTN_PRD_USE_CLS_NM, ADTN_PRD_USE_PSB_DNO, ADTN_PRD_USE_NTKN_CD, ADTN_PRD_USE_NTKN_NM, WKD_WKE_NTKN_CD, WKD_WKE_NTKN_NM, PRICE) VALUES ('010177', '2', '고속, 심야고속', '30', '1', '임시', '1', '전일권(월 ~ 일)', 300000);
INSERT INTO SEASON_TICKET_OPTION (ROUTE_ID, ADTN_PRD_USE_CLS_CD, ADTN_PRD_USE_CLS_NM, ADTN_PRD_USE_PSB_DNO, ADTN_PRD_USE_NTKN_CD, ADTN_PRD_USE_NTKN_NM, WKD_WKE_NTKN_CD, WKD_WKE_NTKN_NM, PRICE) VALUES ('010177', '3', '전체등급(프리미엄 제외)', '5', '1', '임시', '1', '전일권(월 ~ 일)', 45000);
INSERT INTO SEASON_TICKET_OPTION (ROUTE_ID, ADTN_PRD_USE_CLS_CD, ADTN_PRD_USE_CLS_NM, ADTN_PRD_USE_PSB_DNO, ADTN_PRD_USE_NTKN_CD, ADTN_PRD_USE_NTKN_NM, WKD_WKE_NTKN_CD, WKD_WKE_NTKN_NM, PRICE) VALUES ('010177', '3', '전체등급(프리미엄 제외)', '20', '1', '임시', '1', '전일권(월 ~ 일)', 180000);
INSERT INTO SEASON_TICKET_OPTION (ROUTE_ID, ADTN_PRD_USE_CLS_CD, ADTN_PRD_USE_CLS_NM, ADTN_PRD_USE_PSB_DNO, ADTN_PRD_USE_NTKN_CD, ADTN_PRD_USE_NTKN_NM, WKD_WKE_NTKN_CD, WKD_WKE_NTKN_NM, PRICE) VALUES ('010177', '3', '전체등급(프리미엄 제외)', '30', '1', '임시', '1', '전일권(월 ~ 일)', 270000);

-- ROUTE_ID: 010310 (서울경부 ↔ 천안) - 5일권, 20일권 옵션만 제공
INSERT INTO SEASON_TICKET_OPTION (ROUTE_ID, ADTN_PRD_USE_CLS_CD, ADTN_PRD_USE_CLS_NM, ADTN_PRD_USE_PSB_DNO, ADTN_PRD_USE_NTKN_CD, ADTN_PRD_USE_NTKN_NM, WKD_WKE_NTKN_CD, WKD_WKE_NTKN_NM, PRICE) VALUES ('010310', '2', '고속, 심야고속', '5', '1', '임시', '1', '전일권(월 ~ 일)', 50000);
INSERT INTO SEASON_TICKET_OPTION (ROUTE_ID, ADTN_PRD_USE_CLS_CD, ADTN_PRD_USE_CLS_NM, ADTN_PRD_USE_PSB_DNO, ADTN_PRD_USE_NTKN_CD, ADTN_PRD_USE_NTKN_NM, WKD_WKE_NTKN_CD, WKD_WKE_NTKN_NM, PRICE) VALUES ('010310', '2', '고속, 심야고속', '20', '1', '임시', '1', '전일권(월 ~ 일)', 200000);
INSERT INTO SEASON_TICKET_OPTION (ROUTE_ID, ADTN_PRD_USE_CLS_CD, ADTN_PRD_USE_CLS_NM, ADTN_PRD_USE_PSB_DNO, ADTN_PRD_USE_NTKN_CD, ADTN_PRD_USE_NTKN_NM, WKD_WKE_NTKN_CD, WKD_WKE_NTKN_NM, PRICE) VALUES ('010310', '2', '고속, 심야고속', '5', '1', '임시', '3', '평일권(월 ~ 금)', 50000);
INSERT INTO SEASON_TICKET_OPTION (ROUTE_ID, ADTN_PRD_USE_CLS_CD, ADTN_PRD_USE_CLS_NM, ADTN_PRD_USE_PSB_DNO, ADTN_PRD_USE_NTKN_CD, ADTN_PRD_USE_NTKN_NM, WKD_WKE_NTKN_CD, WKD_WKE_NTKN_NM, PRICE) VALUES ('010310', '2', '고속, 심야고속', '20', '1', '임시', '3', '평일권(월 ~ 금)', 200000);
INSERT INTO SEASON_TICKET_OPTION (ROUTE_ID, ADTN_PRD_USE_CLS_CD, ADTN_PRD_USE_CLS_NM, ADTN_PRD_USE_PSB_DNO, ADTN_PRD_USE_NTKN_CD, ADTN_PRD_USE_NTKN_NM, WKD_WKE_NTKN_CD, WKD_WKE_NTKN_NM, PRICE) VALUES ('010310', '3', '전체등급(프리미엄 제외)', '5', '1', '임시', '1', '전일권(월 ~ 일)', 45000);
INSERT INTO SEASON_TICKET_OPTION (ROUTE_ID, ADTN_PRD_USE_CLS_CD, ADTN_PRD_USE_CLS_NM, ADTN_PRD_USE_PSB_DNO, ADTN_PRD_USE_NTKN_CD, ADTN_PRD_USE_NTKN_NM, WKD_WKE_NTKN_CD, WKD_WKE_NTKN_NM, PRICE) VALUES ('010310', '3', '전체등급(프리미엄 제외)', '20', '1', '임시', '1', '전일권(월 ~ 일)', 180000);
INSERT INTO SEASON_TICKET_OPTION (ROUTE_ID, ADTN_PRD_USE_CLS_CD, ADTN_PRD_USE_CLS_NM, ADTN_PRD_USE_PSB_DNO, ADTN_PRD_USE_NTKN_CD, ADTN_PRD_USE_NTKN_NM, WKD_WKE_NTKN_CD, WKD_WKE_NTKN_NM, PRICE) VALUES ('010310', '3', '전체등급(프리미엄 제외)', '5', '1', '임시', '3', '평일권(월 ~ 금)', 45000);
INSERT INTO SEASON_TICKET_OPTION (ROUTE_ID, ADTN_PRD_USE_CLS_CD, ADTN_PRD_USE_CLS_NM, ADTN_PRD_USE_PSB_DNO, ADTN_PRD_USE_NTKN_CD, ADTN_PRD_USE_NTKN_NM, WKD_WKE_NTKN_CD, WKD_WKE_NTKN_NM, PRICE) VALUES ('010310', '3', '전체등급(프리미엄 제외)', '20', '1', '임시', '3', '평일권(월 ~ 금)', 180000);

-- ROUTE_ID: 100340 (인천 ↔ 아산) - 모든 옵션 제공
INSERT INTO SEASON_TICKET_OPTION (ROUTE_ID, ADTN_PRD_USE_CLS_CD, ADTN_PRD_USE_CLS_NM, ADTN_PRD_USE_PSB_DNO, ADTN_PRD_USE_NTKN_CD, ADTN_PRD_USE_NTKN_NM, WKD_WKE_NTKN_CD, WKD_WKE_NTKN_NM, PRICE) VALUES ('100340', '2', '고속, 심야고속', '5', '1', '임시', '1', '전일권(월 ~ 일)', 50000);
INSERT INTO SEASON_TICKET_OPTION (ROUTE_ID, ADTN_PRD_USE_CLS_CD, ADTN_PRD_USE_CLS_NM, ADTN_PRD_USE_PSB_DNO, ADTN_PRD_USE_NTKN_CD, ADTN_PRD_USE_NTKN_NM, WKD_WKE_NTKN_CD, WKD_WKE_NTKN_NM, PRICE) VALUES ('100340', '2', '고속, 심야고속', '30', '1', '임시', '1', '전일권(월 ~ 일)', 300000);
INSERT INTO SEASON_TICKET_OPTION (ROUTE_ID, ADTN_PRD_USE_CLS_CD, ADTN_PRD_USE_CLS_NM, ADTN_PRD_USE_PSB_DNO, ADTN_PRD_USE_NTKN_CD, ADTN_PRD_USE_NTKN_NM, WKD_WKE_NTKN_CD, WKD_WKE_NTKN_NM, PRICE) VALUES ('100340', '2', '고속, 심야고속', '5', '1', '임시', '3', '평일권(월 ~ 금)', 50000);
INSERT INTO SEASON_TICKET_OPTION (ROUTE_ID, ADTN_PRD_USE_CLS_CD, ADTN_PRD_USE_CLS_NM, ADTN_PRD_USE_PSB_DNO, ADTN_PRD_USE_NTKN_CD, ADTN_PRD_USE_NTKN_NM, WKD_WKE_NTKN_CD, WKD_WKE_NTKN_NM, PRICE) VALUES ('100340', '2', '고속, 심야고속', '30', '1', '임시', '3', '평일권(월 ~ 금)', 300000);
INSERT INTO SEASON_TICKET_OPTION (ROUTE_ID, ADTN_PRD_USE_CLS_CD, ADTN_PRD_USE_CLS_NM, ADTN_PRD_USE_PSB_DNO, ADTN_PRD_USE_NTKN_CD, ADTN_PRD_USE_NTKN_NM, WKD_WKE_NTKN_CD, WKD_WKE_NTKN_NM, PRICE) VALUES ('100340', '3', '전체등급(프리미엄 제외)', '5', '1', '임시', '1', '전일권(월 ~ 일)', 45000);
INSERT INTO SEASON_TICKET_OPTION (ROUTE_ID, ADTN_PRD_USE_CLS_CD, ADTN_PRD_USE_CLS_NM, ADTN_PRD_USE_PSB_DNO, ADTN_PRD_USE_NTKN_CD, ADTN_PRD_USE_NTKN_NM, WKD_WKE_NTKN_CD, WKD_WKE_NTKN_NM, PRICE) VALUES ('100340', '3', '전체등급(프리미엄 제외)', '30', '1', '임시', '1', '전일권(월 ~ 일)', 270000);
INSERT INTO SEASON_TICKET_OPTION (ROUTE_ID, ADTN_PRD_USE_CLS_CD, ADTN_PRD_USE_CLS_NM, ADTN_PRD_USE_PSB_DNO, ADTN_PRD_USE_NTKN_CD, ADTN_PRD_USE_NTKN_NM, WKD_WKE_NTKN_CD, WKD_WKE_NTKN_NM, PRICE) VALUES ('100340', '3', '전체등급(프리미엄 제외)', '5', '1', '임시', '3', '평일권(월 ~ 금)', 45000);
INSERT INTO SEASON_TICKET_OPTION (ROUTE_ID, ADTN_PRD_USE_CLS_CD, ADTN_PRD_USE_CLS_NM, ADTN_PRD_USE_PSB_DNO, ADTN_PRD_USE_NTKN_CD, ADTN_PRD_USE_NTKN_NM, WKD_WKE_NTKN_CD, WKD_WKE_NTKN_NM, PRICE) VALUES ('100340', '3', '전체등급(프리미엄 제외)', '30', '1', '임시', '3', '평일권(월 ~ 금)', 270000);

-- ROUTE_ID: 700801 (부산 ↔ 동대구) - '고속, 심야고속' 등급의 전일권만 제공
INSERT INTO SEASON_TICKET_OPTION (ROUTE_ID, ADTN_PRD_USE_CLS_CD, ADTN_PRD_USE_CLS_NM, ADTN_PRD_USE_PSB_DNO, ADTN_PRD_USE_NTKN_CD, ADTN_PRD_USE_NTKN_NM, WKD_WKE_NTKN_CD, WKD_WKE_NTKN_NM, PRICE) VALUES ('700801', '2', '고속, 심야고속', '5', '1', '임시', '1', '전일권(월 ~ 일)', 50000);
INSERT INTO SEASON_TICKET_OPTION (ROUTE_ID, ADTN_PRD_USE_CLS_CD, ADTN_PRD_USE_CLS_NM, ADTN_PRD_USE_PSB_DNO, ADTN_PRD_USE_NTKN_CD, ADTN_PRD_USE_NTKN_NM, WKD_WKE_NTKN_CD, WKD_WKE_NTKN_NM, PRICE) VALUES ('700801', '2', '고속, 심야고속', '20', '1', '임시', '1', '전일권(월 ~ 일)', 200000);
INSERT INTO SEASON_TICKET_OPTION (ROUTE_ID, ADTN_PRD_USE_CLS_CD, ADTN_PRD_USE_CLS_NM, ADTN_PRD_USE_PSB_DNO, ADTN_PRD_USE_NTKN_CD, ADTN_PRD_USE_NTKN_NM, WKD_WKE_NTKN_CD, WKD_WKE_NTKN_NM, PRICE) VALUES ('700801', '2', '고속, 심야고속', '30', '1', '임시', '1', '전일권(월 ~ 일)', 300000);

-- 나머지 노선들은 일부 옵션만 제공하는 것으로 가정하고 추가
-- (이하 몇 가지 노선에 대해서만 샘플로 추가합니다. 필요시 모든 노선에 대해 추가 가능합니다.)

-- ROUTE_ID: 010349 (서울경부 ↔ 탕정삼성LCD)
INSERT INTO SEASON_TICKET_OPTION (ROUTE_ID, ADTN_PRD_USE_CLS_CD, ADTN_PRD_USE_CLS_NM, ADTN_PRD_USE_PSB_DNO, ADTN_PRD_USE_NTKN_CD, ADTN_PRD_USE_NTKN_NM, WKD_WKE_NTKN_CD, WKD_WKE_NTKN_NM, PRICE) VALUES ('010349', '3', '전체등급(프리미엄 제외)', '20', '1', '임시', '1', '전일권(월 ~ 일)', 180000);
INSERT INTO SEASON_TICKET_OPTION (ROUTE_ID, ADTN_PRD_USE_CLS_CD, ADTN_PRD_USE_CLS_NM, ADTN_PRD_USE_PSB_DNO, ADTN_PRD_USE_NTKN_CD, ADTN_PRD_USE_NTKN_NM, WKD_WKE_NTKN_CD, WKD_WKE_NTKN_NM, PRICE) VALUES ('010349', '3', '전체등급(프리미엄 제외)', '30', '1', '임시', '1', '전일권(월 ~ 일)', 270000);
INSERT INTO SEASON_TICKET_OPTION (ROUTE_ID, ADTN_PRD_USE_CLS_CD, ADTN_PRD_USE_CLS_NM, ADTN_PRD_USE_PSB_DNO, ADTN_PRD_USE_NTKN_CD, ADTN_PRD_USE_NTKN_NM, WKD_WKE_NTKN_CD, WKD_WKE_NTKN_NM, PRICE) VALUES ('010349', '3', '전체등급(프리미엄 제외)', '20', '1', '임시', '3', '평일권(월 ~ 금)', 180000);
INSERT INTO SEASON_TICKET_OPTION (ROUTE_ID, ADTN_PRD_USE_CLS_CD, ADTN_PRD_USE_CLS_NM, ADTN_PRD_USE_PSB_DNO, ADTN_PRD_USE_NTKN_CD, ADTN_PRD_USE_NTKN_NM, WKD_WKE_NTKN_CD, WKD_WKE_NTKN_NM, PRICE) VALUES ('010349', '3', '전체등급(프리미엄 제외)', '30', '1', '임시', '3', '평일권(월 ~ 금)', 270000);

-- ROUTE_ID: 118349 (죽전 ↔ 탕정삼성LCD)
INSERT INTO SEASON_TICKET_OPTION (ROUTE_ID, ADTN_PRD_USE_CLS_CD, ADTN_PRD_USE_CLS_NM, ADTN_PRD_USE_PSB_DNO, ADTN_PRD_USE_NTKN_CD, ADTN_PRD_USE_NTKN_NM, WKD_WKE_NTKN_CD, WKD_WKE_NTKN_NM, PRICE) VALUES ('118349', '2', '고속, 심야고속', '30', '1', '임시', '1', '전일권(월 ~ 일)', 300000);
INSERT INTO SEASON_TICKET_OPTION (ROUTE_ID, ADTN_PRD_USE_CLS_CD, ADTN_PRD_USE_CLS_NM, ADTN_PRD_USE_PSB_DNO, ADTN_PRD_USE_NTKN_CD, ADTN_PRD_USE_NTKN_NM, WKD_WKE_NTKN_CD, WKD_WKE_NTKN_NM, PRICE) VALUES ('118349', '2', '고속, 심야고속', '30', '1', '임시', '3', '평일권(월 ~ 금)', 300000);
INSERT INTO SEASON_TICKET_OPTION (ROUTE_ID, ADTN_PRD_USE_CLS_CD, ADTN_PRD_USE_CLS_NM, ADTN_PRD_USE_PSB_DNO, ADTN_PRD_USE_NTKN_CD, ADTN_PRD_USE_NTKN_NM, WKD_WKE_NTKN_CD, WKD_WKE_NTKN_NM, PRICE) VALUES ('118349', '3', '전체등급(프리미엄 제외)', '30', '1', '임시', '1', '전일권(월 ~ 일)', 270000);
INSERT INTO SEASON_TICKET_OPTION (ROUTE_ID, ADTN_PRD_USE_CLS_CD, ADTN_PRD_USE_CLS_NM, ADTN_PRD_USE_PSB_DNO, ADTN_PRD_USE_NTKN_CD, ADTN_PRD_USE_NTKN_NM, WKD_WKE_NTKN_CD, WKD_WKE_NTKN_NM, PRICE) VALUES ('118349', '3', '전체등급(프리미엄 제외)', '30', '1', '임시', '3', '평일권(월 ~ 금)', 270000);




UPDATE ROUTE SET DURATION = 50 WHERE ROUId = 'ROU003';
UPDATE ROUTE SET DURATION = 39 WHERE ROUId = 'ROU004';
UPDATE ROUTE SET DURATION = 31 WHERE ROUId = 'ROU005';

INSERT INTO  kouserAuthorities
VALUES ( 'user1', 'ROLE_USER');
-- INSERT INTO  kouserAuthorities
-- VALUES ( 'user1', 'ROLE_ADMIN');

INSERT INTO  kouserAuthorities
VALUES ( 'user2', 'ROLE_USER');

INSERT INTO  kouserAuthorities
VALUES ( 'user3', 'ROLE_USER');

INSERT INTO  kouserAuthorities
VALUES ( 'admin1', 'ROLE_ADMIN');

commit;
/